primary_key_s,id,sleep_day,total_sleep_records,total_minutes_asleep,total_time_in_bed,primary_key_d,id_1,activity_date,total_steps,total_distance,tracker_distance,logged_activities_distance,very_active_distance,moderately_active_distance,light_active_distance,sedentary_active_distance,very_active_minutes,fairly_active_minutes,lightly_active_minutes,sedentary_minutes,calories
1503960366_4/12/2016,1503960366,2016-04-12,1,327,346,1503960366_4/12/2016,1503960366,2016-04-12,13162,8.5,8.5,0.0,1.879999995,0.550000012,6.059999943,0.0,25,13,328,728,1985
1503960366_4/13/2016,1503960366,2016-04-13,2,384,407,1503960366_4/13/2016,1503960366,2016-04-13,10735,6.96999979,6.96999979,0.0,1.570000052,0.689999998,4.710000038,0.0,21,19,217,776,1797
1503960366_4/15/2016,1503960366,2016-04-15,1,412,442,1503960366_4/15/2016,1503960366,2016-04-15,9762,6.28000021,6.28000021,0.0,2.140000105,1.25999999,2.829999924,0.0,29,34,209,726,1745
1503960366_4/16/2016,1503960366,2016-04-16,2,340,367,1503960366_4/16/2016,1503960366,2016-04-16,12669,8.159999847,8.159999847,0.0,2.710000038,0.409999996,5.039999962,0.0,36,10,221,773,1863
1503960366_4/17/2016,1503960366,2016-04-17,1,700,712,1503960366_4/17/2016,1503960366,2016-04-17,9705,6.480000019,6.480000019,0.0,3.190000057,0.779999971,2.50999999,0.0,38,20,164,539,1728
1503960366_4/19/2016,1503960366,2016-04-19,1,304,320,1503960366_4/19/2016,1503960366,2016-04-19,15506,9.880000114,9.880000114,0.0,3.529999971,1.320000052,5.03000021,0.0,50,31,264,775,2035
1503960366_4/20/2016,1503960366,2016-04-20,1,360,377,1503960366_4/20/2016,1503960366,2016-04-20,10544,6.679999828,6.679999828,0.0,1.960000038,0.479999989,4.239999771,0.0,28,12,205,818,1786
1503960366_4/21/2016,1503960366,2016-04-21,1,325,364,1503960366_4/21/2016,1503960366,2016-04-21,9819,6.340000153,6.340000153,0.0,1.340000033,0.349999994,4.650000095,0.0,19,8,211,838,1775
1503960366_4/23/2016,1503960366,2016-04-23,1,361,384,1503960366_4/23/2016,1503960366,2016-04-23,14371,9.039999962,9.039999962,0.0,2.809999943,0.870000005,5.360000134,0.0,41,21,262,732,1949
1503960366_4/24/2016,1503960366,2016-04-24,1,430,449,1503960366_4/24/2016,1503960366,2016-04-24,10039,6.409999847,6.409999847,0.0,2.920000076,0.209999993,3.279999971,0.0,39,5,238,709,1788
1503960366_4/25/2016,1503960366,2016-04-25,1,277,323,1503960366_4/25/2016,1503960366,2016-04-25,15355,9.800000191,9.800000191,0.0,5.289999962,0.569999993,3.940000057,0.0,73,14,216,814,2013
1503960366_4/26/2016,1503960366,2016-04-26,1,245,274,1503960366_4/26/2016,1503960366,2016-04-26,13755,8.789999962,8.789999962,0.0,2.329999924,0.920000017,5.539999962,0.0,31,23,279,833,1970
1503960366_4/28/2016,1503960366,2016-04-28,1,366,393,1503960366_4/28/2016,1503960366,2016-04-28,13154,8.529999733,8.529999733,0.0,3.539999962,1.159999967,3.789999962,0.0,48,28,189,782,1898
1503960366_4/29/2016,1503960366,2016-04-29,1,341,354,1503960366_4/29/2016,1503960366,2016-04-29,11181,7.150000095,7.150000095,0.0,1.059999943,0.5,5.579999924,0.0,16,12,243,815,1837
1503960366_4/30/2016,1503960366,2016-04-30,1,404,425,1503960366_4/30/2016,1503960366,2016-04-30,14673,9.25,9.25,0.0,3.559999943,1.419999957,4.269999981,0.0,52,34,217,712,1947
1503960366_5/1/2016,1503960366,2016-05-01,1,369,396,1503960366_5/1/2016,1503960366,2016-05-01,10602,6.809999943,6.809999943,0.0,2.289999962,1.600000024,2.920000076,0.0,33,35,246,730,1820
1503960366_5/2/2016,1503960366,2016-05-02,1,277,309,1503960366_5/2/2016,1503960366,2016-05-02,14727,9.710000038,9.710000038,0.0,3.210000038,0.569999993,5.920000076,0.0,41,15,277,798,2004
1503960366_5/3/2016,1503960366,2016-05-03,1,273,296,1503960366_5/3/2016,1503960366,2016-05-03,15103,9.659999847,9.659999847,0.0,3.730000019,1.049999952,4.880000114,0.0,50,24,254,816,1990
1503960366_5/5/2016,1503960366,2016-05-05,1,247,264,1503960366_5/5/2016,1503960366,2016-05-05,14070,8.899999619,8.899999619,0.0,2.920000076,1.080000043,4.880000114,0.0,45,24,250,857,1959
1503960366_5/6/2016,1503960366,2016-05-06,1,334,367,1503960366_5/6/2016,1503960366,2016-05-06,12159,8.029999733,8.029999733,0.0,1.970000029,0.25,5.809999943,0.0,24,6,289,754,1896
1503960366_5/7/2016,1503960366,2016-05-07,1,331,349,1503960366_5/7/2016,1503960366,2016-05-07,11992,7.710000038,7.710000038,0.0,2.460000038,2.119999886,3.130000114,0.0,37,46,175,833,1821
1503960366_5/8/2016,1503960366,2016-05-08,1,594,611,1503960366_5/8/2016,1503960366,2016-05-08,10060,6.579999924,6.579999924,0.0,3.529999971,0.319999993,2.730000019,0.0,44,8,203,574,1740
1503960366_5/9/2016,1503960366,2016-05-09,1,338,342,1503960366_5/9/2016,1503960366,2016-05-09,12022,7.71999979,7.71999979,0.0,3.450000048,0.529999971,3.74000001,0.0,46,11,206,835,1819
1503960366_5/10/2016,1503960366,2016-05-10,1,383,403,1503960366_5/10/2016,1503960366,2016-05-10,12207,7.769999981,7.769999981,0.0,3.349999905,1.159999967,3.25999999,0.0,46,31,214,746,1859
1503960366_5/11/2016,1503960366,2016-05-11,1,285,306,1503960366_5/11/2016,1503960366,2016-05-11,12770,8.130000114,8.130000114,0.0,2.559999943,1.00999999,4.550000191,0.0,36,23,251,669,1783
1644430081_4/29/2016,1644430081,2016-04-29,1,119,127,1644430081_4/29/2016,1644430081,2016-04-29,3176,2.309999943,2.309999943,0.0,0.0,0.0,2.309999943,0.0,0,0,120,1193,2498
1644430081_4/30/2016,1644430081,2016-04-30,1,124,142,1644430081_4/30/2016,1644430081,2016-04-30,18213,13.23999977,13.23999977,0.0,0.629999995,3.140000105,9.460000038,0.0,9,71,402,816,3846
1644430081_5/2/2016,1644430081,2016-05-02,1,796,961,1644430081_5/2/2016,1644430081,2016-05-02,3758,2.730000019,2.730000019,0.0,0.07,0.310000002,2.349999905,0.0,1,7,148,682,2580
1644430081_5/8/2016,1644430081,2016-05-08,1,137,154,1644430081_5/8/2016,1644430081,2016-05-08,6724,4.889999866,4.889999866,0.0,0.0,0.0,4.880000114,0.0,0,0,295,991,2987
1844505072_4/15/2016,1844505072,2016-04-15,1,644,961,1844505072_4/15/2016,1844505072,2016-04-15,3844,2.539999962,2.539999962,0.0,0.0,0.0,2.539999962,0.0,0,0,176,527,1725
1844505072_4/30/2016,1844505072,2016-04-30,1,722,961,1844505072_4/30/2016,1844505072,2016-04-30,4014,2.670000076,2.670000076,0.0,0.0,0.0,2.650000095,0.0,0,0,184,218,1763
1844505072_5/1/2016,1844505072,2016-05-01,1,590,961,1844505072_5/1/2016,1844505072,2016-05-01,2573,1.700000048,1.700000048,0.0,0.0,0.25999999,1.450000048,0.0,0,7,75,585,1541
1927972279_4/12/2016,1927972279,2016-04-12,3,750,775,1927972279_4/12/2016,1927972279,2016-04-12,678,0.469999999,0.469999999,0.0,0.0,0.0,0.469999999,0.0,0,0,55,734,2220
1927972279_4/13/2016,1927972279,2016-04-13,1,398,422,1927972279_4/13/2016,1927972279,2016-04-13,356,0.25,0.25,0.0,0.0,0.0,0.25,0.0,0,0,32,986,2151
1927972279_4/15/2016,1927972279,2016-04-15,2,475,499,1927972279_4/15/2016,1927972279,2016-04-15,980,0.680000007,0.680000007,0.0,0.0,0.0,0.680000007,0.0,0,0,51,941,2221
1927972279_4/26/2016,1927972279,2016-04-26,1,296,315,1927972279_4/26/2016,1927972279,2016-04-26,3761,2.599999905,2.599999905,0.0,0.0,0.0,2.599999905,0.0,0,0,192,1058,2638
1927972279_4/28/2016,1927972279,2016-04-28,1,166,178,1927972279_4/28/2016,1927972279,2016-04-28,1675,1.159999967,1.159999967,0.0,0.0,0.0,1.159999967,0.0,0,0,95,1167,2351
2026352035_4/12/2016,2026352035,2016-04-12,1,503,546,2026352035_4/12/2016,2026352035,2016-04-12,4414,2.74000001,2.74000001,0.0,0.189999998,0.349999994,2.200000048,0.0,3,8,181,706,1459
2026352035_4/13/2016,2026352035,2016-04-13,1,531,565,2026352035_4/13/2016,2026352035,2016-04-13,4993,3.099999905,3.099999905,0.0,0.0,0.0,3.099999905,0.0,0,0,238,663,1521
2026352035_4/14/2016,2026352035,2016-04-14,1,545,568,2026352035_4/14/2016,2026352035,2016-04-14,3335,2.069999933,2.069999933,0.0,0.0,0.0,2.049999952,0.0,0,0,197,653,1431
2026352035_4/15/2016,2026352035,2016-04-15,1,523,573,2026352035_4/15/2016,2026352035,2016-04-15,3821,2.369999886,2.369999886,0.0,0.0,0.0,2.369999886,0.0,0,0,188,687,1444
2026352035_4/16/2016,2026352035,2016-04-16,1,524,567,2026352035_4/16/2016,2026352035,2016-04-16,2547,1.580000043,1.580000043,0.0,0.0,0.0,1.580000043,0.0,0,0,150,728,1373
2026352035_4/17/2016,2026352035,2016-04-17,1,437,498,2026352035_4/17/2016,2026352035,2016-04-17,838,0.519999981,0.519999981,0.0,0.0,0.0,0.519999981,0.0,0,0,60,1053,1214
2026352035_4/19/2016,2026352035,2016-04-19,1,498,540,2026352035_4/19/2016,2026352035,2016-04-19,2424,1.5,1.5,0.0,0.0,0.0,1.5,0.0,0,0,141,785,1356
2026352035_4/20/2016,2026352035,2016-04-20,1,461,510,2026352035_4/20/2016,2026352035,2016-04-20,7222,4.480000019,4.480000019,0.0,0.0,0.0,4.480000019,0.0,0,0,327,623,1667
2026352035_4/21/2016,2026352035,2016-04-21,1,477,514,2026352035_4/21/2016,2026352035,2016-04-21,2467,1.529999971,1.529999971,0.0,0.0,0.0,1.529999971,0.0,0,0,153,749,1370
2026352035_4/22/2016,2026352035,2016-04-22,1,520,545,2026352035_4/22/2016,2026352035,2016-04-22,2915,1.809999943,1.809999943,0.0,0.0,0.0,1.809999943,0.0,0,0,162,712,1399
2026352035_4/23/2016,2026352035,2016-04-23,1,522,554,2026352035_4/23/2016,2026352035,2016-04-23,12357,7.710000038,7.710000038,0.0,0.0,0.0,7.710000038,0.0,0,0,432,458,1916
2026352035_4/24/2016,2026352035,2016-04-24,1,555,591,2026352035_4/24/2016,2026352035,2016-04-24,3490,2.160000086,2.160000086,0.0,0.0,0.0,2.160000086,0.0,0,0,164,704,1401
2026352035_4/25/2016,2026352035,2016-04-25,1,506,531,2026352035_4/25/2016,2026352035,2016-04-25,6017,3.730000019,3.730000019,0.0,0.0,0.0,3.730000019,0.0,0,0,260,821,1576
2026352035_4/27/2016,2026352035,2016-04-27,1,508,545,2026352035_4/27/2016,2026352035,2016-04-27,6088,3.769999981,3.769999981,0.0,0.0,0.0,3.769999981,0.0,0,0,286,586,1593
2026352035_4/28/2016,2026352035,2016-04-28,1,513,545,2026352035_4/28/2016,2026352035,2016-04-28,6375,3.950000048,3.950000048,0.0,0.0,0.0,3.950000048,0.0,0,0,331,626,1649
2026352035_4/29/2016,2026352035,2016-04-29,1,490,510,2026352035_4/29/2016,2026352035,2016-04-29,7604,4.710000038,4.710000038,0.0,0.0,0.0,4.710000038,0.0,0,0,352,492,1692
2026352035_4/30/2016,2026352035,2016-04-30,1,573,607,2026352035_4/30/2016,2026352035,2016-04-30,4729,2.930000067,2.930000067,0.0,0.0,0.0,2.930000067,0.0,0,0,233,594,1506
2026352035_5/1/2016,2026352035,2016-05-01,1,527,546,2026352035_5/1/2016,2026352035,2016-05-01,3609,2.279999971,2.279999971,0.0,0.0,0.0,2.279999971,0.0,0,0,191,716,1447
2026352035_5/2/2016,2026352035,2016-05-02,1,511,543,2026352035_5/2/2016,2026352035,2016-05-02,7018,4.349999905,4.349999905,0.0,0.0,0.0,4.349999905,0.0,0,0,355,716,1690
2026352035_5/4/2016,2026352035,2016-05-04,1,538,560,2026352035_5/4/2016,2026352035,2016-05-04,6564,4.070000172,4.070000172,0.0,0.0,0.0,4.070000172,0.0,0,0,345,530,1658
2026352035_5/5/2016,2026352035,2016-05-05,1,468,485,2026352035_5/5/2016,2026352035,2016-05-05,12167,7.539999962,7.539999962,0.0,0.0,0.0,7.539999962,0.0,0,0,475,479,1926
2026352035_5/6/2016,2026352035,2016-05-06,1,524,548,2026352035_5/6/2016,2026352035,2016-05-06,8198,5.079999924,5.079999924,0.0,0.0,0.0,5.079999924,0.0,0,0,383,511,1736
2026352035_5/7/2016,2026352035,2016-05-07,1,511,521,2026352035_5/7/2016,2026352035,2016-05-07,4193,2.599999905,2.599999905,0.0,0.0,0.0,2.599999905,0.0,0,0,229,665,1491
2026352035_5/8/2016,2026352035,2016-05-08,1,541,568,2026352035_5/8/2016,2026352035,2016-05-08,5528,3.450000048,3.450000048,0.0,0.0,0.0,3.450000048,0.0,0,0,258,610,1555
2026352035_5/9/2016,2026352035,2016-05-09,1,531,556,2026352035_5/9/2016,2026352035,2016-05-09,10685,6.619999886,6.619999886,0.0,0.0,0.0,6.599999905,0.0,0,0,401,543,1869
2026352035_5/10/2016,2026352035,2016-05-10,1,357,380,2026352035_5/10/2016,2026352035,2016-05-10,254,0.159999996,0.159999996,0.0,0.0,0.0,0.159999996,0.0,0,0,17,1002,1141
2026352035_5/11/2016,2026352035,2016-05-11,1,523,553,2026352035_5/11/2016,2026352035,2016-05-11,8580,5.320000172,5.320000172,0.0,0.0,0.0,5.320000172,0.0,0,0,330,569,1698
2026352035_5/12/2016,2026352035,2016-05-12,1,456,485,2026352035_5/12/2016,2026352035,2016-05-12,8891,5.510000229,5.510000229,0.0,0.0,0.0,5.510000229,0.0,0,0,343,330,1364
2320127002_4/23/2016,2320127002,2016-04-23,1,61,69,2320127002_4/23/2016,2320127002,2016-04-23,5079,3.420000076,3.420000076,0.0,0.0,0.0,3.420000076,0.0,0,0,242,1129,1804
2347167796_4/13/2016,2347167796,2016-04-13,1,467,531,2347167796_4/13/2016,2347167796,2016-04-13,10352,7.010000229,7.010000229,0.0,1.659999967,1.940000057,3.410000086,0.0,19,32,195,676,2038
2347167796_4/14/2016,2347167796,2016-04-14,1,445,489,2347167796_4/14/2016,2347167796,2016-04-14,10129,6.699999809,6.699999809,0.0,0.02,2.74000001,3.940000057,0.0,1,48,206,705,2010
2347167796_4/15/2016,2347167796,2016-04-15,1,452,504,2347167796_4/15/2016,2347167796,2016-04-15,10465,6.920000076,6.920000076,0.0,0.07,1.419999957,5.429999828,0.0,1,24,284,720,2133
2347167796_4/17/2016,2347167796,2016-04-17,1,556,602,2347167796_4/17/2016,2347167796,2016-04-17,5472,3.619999886,3.619999886,0.0,0.079999998,0.280000001,3.25999999,0.0,1,7,249,508,1882
2347167796_4/18/2016,2347167796,2016-04-18,1,500,557,2347167796_4/18/2016,2347167796,2016-04-18,8247,5.449999809,5.449999809,0.0,0.790000021,0.860000014,3.789999962,0.0,11,16,206,678,1944
2347167796_4/19/2016,2347167796,2016-04-19,1,465,514,2347167796_4/19/2016,2347167796,2016-04-19,6711,4.440000057,4.440000057,0.0,0.0,0.0,4.440000057,0.0,0,7,382,648,2346
2347167796_4/21/2016,2347167796,2016-04-21,1,460,484,2347167796_4/21/2016,2347167796,2016-04-21,10080,6.75,6.75,0.0,1.850000024,1.529999971,3.380000114,0.0,23,26,208,761,2048
2347167796_4/22/2016,2347167796,2016-04-22,1,405,461,2347167796_4/22/2016,2347167796,2016-04-22,7804,5.159999847,5.159999847,0.0,0.560000002,1.679999948,2.920000076,0.0,9,27,206,781,1946
2347167796_4/23/2016,2347167796,2016-04-23,1,374,386,2347167796_4/23/2016,2347167796,2016-04-23,16901,11.36999989,11.36999989,0.0,2.779999971,1.450000048,7.150000095,0.0,32,35,360,591,2629
2347167796_4/24/2016,2347167796,2016-04-24,1,442,459,2347167796_4/24/2016,2347167796,2016-04-24,9471,6.260000229,6.260000229,0.0,0.0,0.0,6.260000229,0.0,0,0,360,584,2187
2347167796_4/25/2016,2347167796,2016-04-25,1,433,471,2347167796_4/25/2016,2347167796,2016-04-25,9482,6.380000114,6.380000114,0.0,1.269999981,0.519999981,4.599999905,0.0,15,11,277,653,2095
2347167796_4/26/2016,2347167796,2016-04-26,1,436,490,2347167796_4/26/2016,2347167796,2016-04-26,5980,3.950000048,3.950000048,0.0,0.0,0.0,3.950000048,0.0,0,0,227,732,1861
2347167796_4/27/2016,2347167796,2016-04-27,1,448,499,2347167796_4/27/2016,2347167796,2016-04-27,11423,7.579999924,7.579999924,0.0,1.860000014,0.400000006,5.320000172,0.0,26,9,295,623,2194
2347167796_4/28/2016,2347167796,2016-04-28,1,408,450,2347167796_4/28/2016,2347167796,2016-04-28,5439,3.599999905,3.599999905,0.0,0.0,0.0,3.599999905,0.0,0,0,229,764,1854
2347167796_4/29/2016,2347167796,2016-04-29,1,411,473,2347167796_4/29/2016,2347167796,2016-04-29,42,0.029999999,0.029999999,0.0,0.0,0.0,0.029999999,0.0,0,0,4,2,403
3977333714_4/12/2016,3977333714,2016-04-12,1,274,469,3977333714_4/12/2016,3977333714,2016-04-12,8856,5.980000019,5.980000019,0.0,3.059999943,0.910000026,2.00999999,0.0,44,19,131,777,1450
3977333714_4/13/2016,3977333714,2016-04-13,2,295,456,3977333714_4/13/2016,3977333714,2016-04-13,10035,6.710000038,6.710000038,0.0,2.029999971,2.130000114,2.549999952,0.0,31,46,153,754,1495
3977333714_4/14/2016,3977333714,2016-04-14,1,291,397,3977333714_4/14/2016,3977333714,2016-04-14,7641,5.110000134,5.110000134,0.0,0.319999993,0.970000029,3.819999933,0.0,5,23,214,801,1433
3977333714_4/15/2016,3977333714,2016-04-15,1,424,556,3977333714_4/15/2016,3977333714,2016-04-15,9010,6.059999943,6.059999943,0.0,1.049999952,1.75,3.25999999,0.0,15,42,183,644,1468
3977333714_4/16/2016,3977333714,2016-04-16,1,283,510,3977333714_4/16/2016,3977333714,2016-04-16,13459,9.0,9.0,0.0,2.029999971,4.0,2.970000029,0.0,31,83,153,663,1625
3977333714_4/17/2016,3977333714,2016-04-17,1,381,566,3977333714_4/17/2016,3977333714,2016-04-17,10415,6.96999979,6.96999979,0.0,0.699999988,2.349999905,3.920000076,0.0,11,58,205,600,1529
3977333714_4/18/2016,3977333714,2016-04-18,2,412,522,3977333714_4/18/2016,3977333714,2016-04-18,11663,7.800000191,7.800000191,0.0,0.25,3.730000019,3.819999933,0.0,4,95,214,605,1584
3977333714_4/19/2016,3977333714,2016-04-19,1,219,395,3977333714_4/19/2016,3977333714,2016-04-19,12414,8.779999733,8.779999733,0.0,2.24000001,2.450000048,3.960000038,0.0,19,67,221,738,1638
3977333714_4/20/2016,3977333714,2016-04-20,2,152,305,3977333714_4/20/2016,3977333714,2016-04-20,11658,7.829999924,7.829999924,0.0,0.200000003,4.349999905,3.279999971,0.0,2,98,164,845,1554
3977333714_4/21/2016,3977333714,2016-04-21,1,332,512,3977333714_4/21/2016,3977333714,2016-04-21,6093,4.079999924,4.079999924,0.0,0.0,0.0,4.059999943,0.0,0,0,242,712,1397
3977333714_4/22/2016,3977333714,2016-04-22,1,355,476,3977333714_4/22/2016,3977333714,2016-04-22,8911,5.960000038,5.960000038,0.0,2.329999924,0.579999983,3.059999943,0.0,33,12,188,731,1481
3977333714_4/23/2016,3977333714,2016-04-23,1,235,372,3977333714_4/23/2016,3977333714,2016-04-23,12058,8.069999695,8.069999695,0.0,0.0,4.21999979,3.849999905,0.0,0,92,252,724,1638
3977333714_4/24/2016,3977333714,2016-04-24,1,310,526,3977333714_4/24/2016,3977333714,2016-04-24,14112,10.0,10.0,0.0,3.269999981,4.559999943,2.170000076,0.0,30,95,129,660,1655
3977333714_4/25/2016,3977333714,2016-04-25,1,262,467,3977333714_4/25/2016,3977333714,2016-04-25,11177,8.479999542,8.479999542,0.0,5.619999886,0.430000007,2.410000086,0.0,50,9,133,781,1570
3977333714_4/26/2016,3977333714,2016-04-26,1,250,371,3977333714_4/26/2016,3977333714,2016-04-26,11388,7.619999886,7.619999886,0.0,0.449999988,4.21999979,2.950000048,0.0,7,95,170,797,1551
3977333714_4/27/2016,3977333714,2016-04-27,1,349,540,3977333714_4/27/2016,3977333714,2016-04-27,7193,5.039999962,5.039999962,0.0,0.0,0.419999987,4.619999886,0.0,0,10,176,714,1377
3977333714_4/28/2016,3977333714,2016-04-28,1,261,423,3977333714_4/28/2016,3977333714,2016-04-28,7114,4.880000114,4.880000114,0.0,1.370000005,0.289999992,3.220000029,0.0,15,8,190,804,1407
3977333714_4/29/2016,3977333714,2016-04-29,1,333,478,3977333714_4/29/2016,3977333714,2016-04-29,10645,7.75,7.75,0.0,3.74000001,1.299999952,2.710000038,0.0,36,32,150,744,1545
3977333714_4/30/2016,3977333714,2016-04-30,1,237,382,3977333714_4/30/2016,3977333714,2016-04-30,13238,9.199999809,9.199999809,0.0,3.690000057,2.099999905,3.410000086,0.0,43,52,194,687,1650
3977333714_5/1/2016,3977333714,2016-05-01,1,383,626,3977333714_5/1/2016,3977333714,2016-05-01,10414,7.070000172,7.070000172,0.0,2.670000076,1.980000019,2.410000086,0.0,41,40,124,691,1501
3977333714_5/2/2016,3977333714,2016-05-02,1,230,384,3977333714_5/2/2016,3977333714,2016-05-02,16520,11.05000019,11.05000019,0.0,1.539999962,6.480000019,3.019999981,0.0,24,143,176,713,1760
3977333714_5/3/2016,3977333714,2016-05-03,1,292,500,3977333714_5/3/2016,3977333714,2016-05-03,14335,9.590000153,9.590000153,0.0,3.319999933,1.74000001,4.53000021,0.0,47,41,258,594,1710
3977333714_5/4/2016,3977333714,2016-05-04,1,213,336,3977333714_5/4/2016,3977333714,2016-05-04,13559,9.43999958,9.43999958,0.0,1.809999943,4.579999924,2.890000105,0.0,14,96,142,852,1628
3977333714_5/5/2016,3977333714,2016-05-05,1,318,480,3977333714_5/5/2016,3977333714,2016-05-05,12312,8.579999924,8.579999924,0.0,1.75999999,4.110000134,2.710000038,0.0,14,88,178,680,1618
3977333714_5/6/2016,3977333714,2016-05-06,1,323,512,3977333714_5/6/2016,3977333714,2016-05-06,11677,8.279999733,8.279999733,0.0,3.109999895,2.50999999,2.670000076,0.0,29,55,168,676,1590
3977333714_5/7/2016,3977333714,2016-05-07,1,237,443,3977333714_5/7/2016,3977333714,2016-05-07,11550,7.730000019,7.730000019,0.0,0.0,4.130000114,3.589999914,0.0,0,86,208,703,1574
3977333714_5/8/2016,3977333714,2016-05-08,2,259,456,3977333714_5/8/2016,3977333714,2016-05-08,13585,9.090000153,9.090000153,0.0,0.680000007,5.239999771,3.170000076,0.0,9,116,171,688,1633
3977333714_5/10/2016,3977333714,2016-05-10,1,312,452,3977333714_5/10/2016,3977333714,2016-05-10,13072,8.779999733,8.779999733,0.0,0.07,5.400000095,3.309999943,0.0,1,115,196,676,1630
4020332650_4/12/2016,4020332650,2016-04-12,1,501,541,4020332650_4/12/2016,4020332650,2016-04-12,8539,6.119999886,6.119999886,0.0,0.150000006,0.239999995,5.679999828,0.0,4,15,331,712,3654
4020332650_4/16/2016,4020332650,2016-04-16,1,77,77,4020332650_4/16/2016,4020332650,2016-04-16,1982,1.419999957,1.419999957,0.0,0.449999988,0.370000005,0.589999974,0.0,65,21,55,1222,3051
4020332650_5/3/2016,4020332650,2016-05-03,1,322,332,4020332650_5/3/2016,4020332650,2016-05-03,4496,3.220000029,3.220000029,0.0,0.0,0.0,3.150000095,0.050000001,0,0,174,950,2828
4020332650_5/4/2016,4020332650,2016-05-04,1,478,536,4020332650_5/4/2016,4020332650,2016-05-04,10252,7.349999905,7.349999905,0.0,0.670000017,1.039999962,5.579999924,0.0,13,46,346,531,3879
4020332650_5/5/2016,4020332650,2016-05-05,1,226,248,4020332650_5/5/2016,4020332650,2016-05-05,11728,8.430000305,8.430000305,0.0,2.619999886,1.679999948,4.039999962,0.07,38,42,196,916,3429
4020332650_5/6/2016,4020332650,2016-05-06,1,385,408,4020332650_5/6/2016,4020332650,2016-05-06,4369,3.130000114,3.130000114,0.0,0.0,0.0,3.099999905,0.01,0,0,177,855,2704
4020332650_5/8/2016,4020332650,2016-05-08,1,364,402,4020332650_5/8/2016,4020332650,2016-05-08,5862,4.199999809,4.199999809,0.0,0.0,0.0,4.150000095,0.0,0,0,263,775,3089
4020332650_5/10/2016,4020332650,2016-05-10,1,442,494,4020332650_5/10/2016,4020332650,2016-05-10,5546,3.980000019,3.980000019,0.0,0.0,0.0,3.869999886,0.039999999,0,0,206,774,2926
4319703577_4/14/2016,4319703577,2016-04-14,1,535,557,4319703577_4/14/2016,4319703577,2016-04-14,10210,6.880000114,6.880000114,0.0,0.109999999,0.330000013,6.440000057,0.0,1,9,339,589,2302
4319703577_4/15/2016,4319703577,2016-04-15,1,465,491,4319703577_4/15/2016,4319703577,2016-04-15,5664,3.799999952,3.799999952,0.0,0.0,0.0,3.799999952,0.0,0,0,228,752,1985
4319703577_4/16/2016,4319703577,2016-04-16,1,506,522,4319703577_4/16/2016,4319703577,2016-04-16,4744,3.180000067,3.180000067,0.0,0.0,0.0,3.180000067,0.0,0,0,194,724,1884
4319703577_4/18/2016,4319703577,2016-04-18,1,515,551,4319703577_4/18/2016,4319703577,2016-04-18,2276,1.549999952,1.549999952,0.0,0.07,0.330000013,1.120000005,0.0,1,9,58,824,1632
4319703577_4/19/2016,4319703577,2016-04-19,2,461,498,4319703577_4/19/2016,4319703577,2016-04-19,8925,5.989999771,5.989999771,0.0,0.0,0.0,5.989999771,0.0,0,0,311,604,2200
4319703577_4/20/2016,4319703577,2016-04-20,1,523,543,4319703577_4/20/2016,4319703577,2016-04-20,8954,6.010000229,6.010000229,0.0,0.0,0.680000007,5.309999943,0.0,0,18,306,671,2220
4319703577_4/21/2016,4319703577,2016-04-21,1,59,65,4319703577_4/21/2016,4319703577,2016-04-21,3702,2.480000019,2.480000019,0.0,0.0,0.0,0.349999994,0.0,0,0,34,1265,1792
4319703577_4/22/2016,4319703577,2016-04-22,1,533,550,4319703577_4/22/2016,4319703577,2016-04-22,4500,3.019999981,3.019999981,0.0,0.059999999,0.810000002,2.150000095,0.0,1,19,176,709,1886
4319703577_4/23/2016,4319703577,2016-04-23,1,692,722,4319703577_4/23/2016,4319703577,2016-04-23,4935,3.309999943,3.309999943,0.0,0.0,0.0,3.309999943,0.0,0,0,233,546,1945
4319703577_4/24/2016,4319703577,2016-04-24,1,467,501,4319703577_4/24/2016,4319703577,2016-04-24,4081,2.74000001,2.74000001,0.0,0.059999999,0.200000003,2.470000029,0.0,1,5,191,692,1880
4319703577_4/25/2016,4319703577,2016-04-25,1,488,506,4319703577_4/25/2016,4319703577,2016-04-25,9259,6.210000038,6.210000038,0.0,0.0,0.280000001,5.929999828,0.0,0,8,390,544,2314
4319703577_4/26/2016,4319703577,2016-04-26,1,505,516,4319703577_4/26/2016,4319703577,2016-04-26,9899,6.639999866,6.639999866,0.0,0.569999993,0.920000017,5.150000095,0.0,8,21,288,649,2236
4319703577_4/27/2016,4319703577,2016-04-27,1,286,307,4319703577_4/27/2016,4319703577,2016-04-27,10780,7.230000019,7.230000019,0.0,0.409999996,1.919999957,4.909999847,0.0,6,47,300,680,2324
4319703577_4/28/2016,4319703577,2016-04-28,1,497,522,4319703577_4/28/2016,4319703577,2016-04-28,10817,7.28000021,7.28000021,0.0,1.00999999,0.330000013,5.940000057,0.0,13,8,359,552,2367
4319703577_4/29/2016,4319703577,2016-04-29,1,523,546,4319703577_4/29/2016,4319703577,2016-04-29,7990,5.360000134,5.360000134,0.0,0.449999988,0.790000021,4.119999886,0.0,6,18,289,624,2175
4319703577_4/30/2016,4319703577,2016-04-30,1,490,516,4319703577_4/30/2016,4319703577,2016-04-30,8221,5.519999981,5.519999981,0.0,0.400000006,1.610000014,3.50999999,0.0,6,38,196,695,2092
4319703577_5/1/2016,4319703577,2016-05-01,1,484,500,4319703577_5/1/2016,4319703577,2016-05-01,1251,0.839999974,0.839999974,0.0,0.0,0.0,0.839999974,0.0,0,0,67,836,1593
4319703577_5/2/2016,4319703577,2016-05-02,1,478,506,4319703577_5/2/2016,4319703577,2016-05-02,9261,6.239999771,6.239999771,0.0,0.0,0.439999998,5.710000038,0.0,0,11,344,585,2270
4319703577_5/3/2016,4319703577,2016-05-03,1,474,512,4319703577_5/3/2016,4319703577,2016-05-03,9648,6.46999979,6.46999979,0.0,0.579999983,1.070000052,4.829999924,0.0,8,26,287,669,2235
4319703577_5/6/2016,4319703577,2016-05-06,1,450,491,4319703577_5/6/2016,4319703577,2016-05-06,9524,6.420000076,6.420000076,0.0,0.409999996,0.469999999,5.460000038,0.0,6,11,314,692,2266
4319703577_5/7/2016,4319703577,2016-05-07,1,507,530,4319703577_5/7/2016,4319703577,2016-05-07,7937,5.329999924,5.329999924,0.0,0.189999998,1.049999952,4.079999924,0.0,3,28,279,586,2158
4319703577_5/8/2016,4319703577,2016-05-08,1,602,638,4319703577_5/8/2016,4319703577,2016-05-08,3672,2.460000038,2.460000038,0.0,0.0,0.0,2.460000038,0.0,0,0,153,603,1792
4319703577_5/9/2016,4319703577,2016-05-09,1,535,565,4319703577_5/9/2016,4319703577,2016-05-09,10378,6.960000038,6.960000038,0.0,0.140000001,0.560000002,6.25,0.0,2,14,374,490,2345
4319703577_5/10/2016,4319703577,2016-05-10,1,487,517,4319703577_5/10/2016,4319703577,2016-05-10,9487,6.369999886,6.369999886,0.0,0.209999993,0.460000008,5.699999809,0.0,3,12,329,555,2260
4319703577_5/11/2016,4319703577,2016-05-11,1,529,558,4319703577_5/11/2016,4319703577,2016-05-11,9129,6.130000114,6.130000114,0.0,0.200000003,0.74000001,5.179999828,0.0,3,18,311,574,2232
4319703577_5/12/2016,4319703577,2016-05-12,1,302,321,4319703577_5/12/2016,4319703577,2016-05-12,17,0.01,0.01,0.0,0.0,0.0,0.01,0.0,0,0,2,0,257
4388161847_4/15/2016,4388161847,2016-04-15,1,499,526,4388161847_4/15/2016,4388161847,2016-04-15,8758,6.730000019,6.730000019,0.0,0.0,0.0,6.730000019,0.0,0,0,299,837,3066
4388161847_4/16/2016,4388161847,2016-04-16,2,426,448,4388161847_4/16/2016,4388161847,2016-04-16,6580,5.059999943,5.059999943,0.0,0.209999993,0.400000006,4.449999809,0.0,6,9,253,609,3073
4388161847_4/17/2016,4388161847,2016-04-17,2,619,641,4388161847_4/17/2016,4388161847,2016-04-17,4660,3.579999924,3.579999924,0.0,0.0,0.0,3.579999924,0.0,0,0,201,721,2572
4388161847_4/18/2016,4388161847,2016-04-18,1,99,104,4388161847_4/18/2016,4388161847,2016-04-18,11009,9.100000381,9.100000381,0.0,3.559999943,0.400000006,5.139999866,0.0,27,8,239,1017,3274
4388161847_4/19/2016,4388161847,2016-04-19,1,329,338,4388161847_4/19/2016,4388161847,2016-04-19,10181,7.829999924,7.829999924,0.0,1.370000005,0.689999998,5.769999981,0.0,20,16,249,704,3015
4388161847_4/20/2016,4388161847,2016-04-20,1,421,451,4388161847_4/20/2016,4388161847,2016-04-20,10553,8.119999886,8.119999886,0.0,1.100000024,1.720000029,5.289999962,0.0,19,42,228,696,3083
4388161847_4/21/2016,4388161847,2016-04-21,1,442,458,4388161847_4/21/2016,4388161847,2016-04-21,10055,7.730000019,7.730000019,0.0,0.370000005,0.389999986,6.980000019,0.0,7,12,272,853,3069
4388161847_4/22/2016,4388161847,2016-04-22,1,82,85,4388161847_4/22/2016,4388161847,2016-04-22,12139,9.340000153,9.340000153,0.0,3.299999952,1.110000014,4.920000076,0.0,77,25,220,945,3544
4388161847_4/23/2016,4388161847,2016-04-23,1,478,501,4388161847_4/23/2016,4388161847,2016-04-23,13236,10.18000031,10.18000031,0.0,4.5,0.319999993,5.349999905,0.0,58,5,215,749,3306
4388161847_4/24/2016,4388161847,2016-04-24,3,552,595,4388161847_4/24/2016,4388161847,2016-04-24,10243,7.880000114,7.880000114,0.0,1.080000043,0.50999999,6.300000191,0.0,14,8,239,584,2885
4388161847_4/26/2016,4388161847,2016-04-26,1,319,346,4388161847_4/26/2016,4388161847,2016-04-26,9461,7.28000021,7.28000021,0.0,0.939999998,1.059999943,5.269999981,0.0,14,23,224,673,2929
4388161847_4/27/2016,4388161847,2016-04-27,1,439,500,4388161847_4/27/2016,4388161847,2016-04-27,11193,8.609999657,8.609999657,0.0,0.699999988,2.50999999,5.389999866,0.0,11,48,241,684,3074
4388161847_4/28/2016,4388161847,2016-04-28,1,428,458,4388161847_4/28/2016,4388161847,2016-04-28,10074,7.75,7.75,0.0,1.289999962,0.430000007,6.03000021,0.0,19,9,234,878,2969
4388161847_4/30/2016,4388161847,2016-04-30,2,409,430,4388161847_4/30/2016,4388161847,2016-04-30,12533,9.640000343,9.640000343,0.0,0.699999988,2.0,6.940000057,0.0,14,43,300,537,3283
4388161847_5/1/2016,4388161847,2016-05-01,1,547,597,4388161847_5/1/2016,4388161847,2016-05-01,10255,7.889999866,7.889999866,0.0,1.00999999,0.680000007,6.199999809,0.0,12,15,241,579,2926
4388161847_5/2/2016,4388161847,2016-05-02,2,368,376,4388161847_5/2/2016,4388161847,2016-05-02,10096,8.399999619,8.399999619,0.0,3.769999981,0.079999998,4.550000191,0.0,33,4,204,935,3147
4388161847_5/4/2016,4388161847,2016-05-04,1,390,414,4388161847_5/4/2016,4388161847,2016-05-04,12375,9.520000458,9.520000458,0.0,2.789999962,0.930000007,5.800000191,0.0,35,21,251,632,3162
4388161847_5/5/2016,4388161847,2016-05-05,1,471,495,4388161847_5/5/2016,4388161847,2016-05-05,9603,7.380000114,7.380000114,0.0,0.629999995,1.669999957,5.090000153,0.0,12,39,199,896,2899
4388161847_5/5/2016,4388161847,2016-05-05,1,471,495,4388161847_5/5/2016,4388161847,2016-05-05,9603,7.380000114,7.380000114,0.0,0.629999995,1.669999957,5.090000153,0.0,12,39,199,896,2899
4388161847_5/7/2016,4388161847,2016-05-07,1,472,496,4388161847_5/7/2016,4388161847,2016-05-07,22770,17.54000092,17.54000092,0.0,9.449999809,2.769999981,5.329999924,0.0,120,56,260,508,4022
4388161847_5/8/2016,4388161847,2016-05-08,2,529,541,4388161847_5/8/2016,4388161847,2016-05-08,17298,14.38000011,14.38000011,0.0,9.890000343,1.25999999,3.230000019,0.0,107,38,178,576,3934
4388161847_5/9/2016,4388161847,2016-05-09,1,62,65,4388161847_5/9/2016,4388161847,2016-05-09,10218,7.860000134,7.860000134,0.0,0.340000004,0.730000019,6.789999962,0.0,6,19,258,1020,3013
4388161847_5/10/2016,4388161847,2016-05-10,1,354,375,4388161847_5/10/2016,4388161847,2016-05-10,10299,7.920000076,7.920000076,0.0,0.810000002,0.649999976,6.460000038,0.0,13,14,267,648,3061
4388161847_5/11/2016,4388161847,2016-05-11,1,469,494,4388161847_5/11/2016,4388161847,2016-05-11,10201,7.840000153,7.840000153,0.0,0.529999971,0.790000021,6.53000021,0.0,8,18,256,858,2954
4445114986_4/12/2016,4445114986,2016-04-12,2,429,457,4445114986_4/12/2016,4445114986,2016-04-12,3276,2.200000048,2.200000048,0.0,0.0,0.0,2.200000048,0.0,0,0,196,787,2113
4445114986_4/13/2016,4445114986,2016-04-13,2,370,406,4445114986_4/13/2016,4445114986,2016-04-13,2961,1.99000001,1.99000001,0.0,0.0,0.0,1.99000001,0.0,0,0,194,840,2095
4445114986_4/14/2016,4445114986,2016-04-14,1,441,492,4445114986_4/14/2016,4445114986,2016-04-14,3974,2.670000076,2.670000076,0.0,0.0,0.0,2.670000076,0.0,0,0,231,717,2194
4445114986_4/15/2016,4445114986,2016-04-15,2,337,379,4445114986_4/15/2016,4445114986,2016-04-15,7198,4.829999924,4.829999924,0.0,0.0,0.0,4.829999924,0.0,0,0,350,711,2496
4445114986_4/16/2016,4445114986,2016-04-16,1,462,499,4445114986_4/16/2016,4445114986,2016-04-16,3945,2.650000095,2.650000095,0.0,0.0,0.0,2.650000095,0.0,0,0,225,716,2180
4445114986_4/17/2016,4445114986,2016-04-17,1,98,107,4445114986_4/17/2016,4445114986,2016-04-17,2268,1.519999981,1.519999981,0.0,0.0,0.0,1.519999981,0.0,0,0,114,1219,1933
4445114986_4/19/2016,4445114986,2016-04-19,2,388,424,4445114986_4/19/2016,4445114986,2016-04-19,2064,1.389999986,1.389999986,0.0,0.0,0.0,1.389999986,0.0,0,0,121,895,1954
4445114986_4/20/2016,4445114986,2016-04-20,1,439,462,4445114986_4/20/2016,4445114986,2016-04-20,2072,1.389999986,1.389999986,0.0,0.0,0.0,1.389999986,0.0,0,0,137,841,1974
4445114986_4/21/2016,4445114986,2016-04-21,1,436,469,4445114986_4/21/2016,4445114986,2016-04-21,3809,2.559999943,2.559999943,0.0,0.0,0.0,2.539999962,0.0,0,0,215,756,2150
4445114986_4/22/2016,4445114986,2016-04-22,1,388,417,4445114986_4/22/2016,4445114986,2016-04-22,6831,4.579999924,4.579999924,0.0,0.0,0.0,4.579999924,0.0,0,0,317,706,2432
4445114986_4/25/2016,4445114986,2016-04-25,1,328,345,4445114986_4/25/2016,4445114986,2016-04-25,3385,2.269999981,2.269999981,0.0,0.0,0.0,2.269999981,0.0,0,0,179,916,2070
4445114986_4/26/2016,4445114986,2016-04-26,2,353,391,4445114986_4/26/2016,4445114986,2016-04-26,6326,4.409999847,4.409999847,0.0,2.410000086,0.039999999,1.960000038,0.0,29,1,180,839,2291
4445114986_4/27/2016,4445114986,2016-04-27,1,332,374,4445114986_4/27/2016,4445114986,2016-04-27,7243,5.03000021,5.03000021,0.0,2.619999886,0.029999999,2.380000114,0.0,32,1,194,839,2361
4445114986_4/28/2016,4445114986,2016-04-28,1,419,442,4445114986_4/28/2016,4445114986,2016-04-28,4493,3.00999999,3.00999999,0.0,0.0,0.0,3.00999999,0.0,0,0,236,762,2203
4445114986_4/29/2016,4445114986,2016-04-29,1,106,108,4445114986_4/29/2016,4445114986,2016-04-29,4676,3.140000105,3.140000105,0.0,0.0,0.0,3.130000114,0.0,0,0,226,1106,2196
4445114986_4/30/2016,4445114986,2016-04-30,1,322,353,4445114986_4/30/2016,4445114986,2016-04-30,6222,4.179999828,4.179999828,0.0,0.0,0.0,4.179999828,0.0,0,0,290,797,2363
4445114986_5/1/2016,4445114986,2016-05-01,2,439,459,4445114986_5/1/2016,4445114986,2016-05-01,5232,3.50999999,3.50999999,0.0,0.0,0.0,3.50999999,0.0,0,0,240,741,2246
4445114986_5/2/2016,4445114986,2016-05-02,1,502,542,4445114986_5/2/2016,4445114986,2016-05-02,6910,4.75,4.75,0.0,2.210000038,0.189999998,2.349999905,0.0,27,4,200,667,2336
4445114986_5/3/2016,4445114986,2016-05-03,2,417,450,4445114986_5/3/2016,4445114986,2016-05-03,7502,5.179999828,5.179999828,0.0,2.480000019,0.109999999,2.579999924,0.0,30,2,233,725,2421
4445114986_5/4/2016,4445114986,2016-05-04,2,337,363,4445114986_5/4/2016,4445114986,2016-05-04,2923,1.960000038,1.960000038,0.0,0.0,0.0,1.960000038,0.0,0,0,180,897,2070
4445114986_5/5/2016,4445114986,2016-05-05,2,462,513,4445114986_5/5/2016,4445114986,2016-05-05,3800,2.549999952,2.549999952,0.0,0.119999997,0.239999995,2.180000067,0.0,2,6,185,734,2120
4445114986_5/6/2016,4445114986,2016-05-06,2,374,402,4445114986_5/6/2016,4445114986,2016-05-06,4514,3.029999971,3.029999971,0.0,0.0,0.0,3.029999971,0.0,0,0,229,809,2211
4445114986_5/7/2016,4445114986,2016-05-07,2,401,436,4445114986_5/7/2016,4445114986,2016-05-07,5183,3.589999914,3.589999914,0.0,2.130000114,0.189999998,1.25,0.0,26,4,108,866,2123
4445114986_5/8/2016,4445114986,2016-05-08,1,361,391,4445114986_5/8/2016,4445114986,2016-05-08,7303,4.900000095,4.900000095,0.0,0.0,0.25,4.650000095,0.0,0,8,308,733,2423
4445114986_5/9/2016,4445114986,2016-05-09,1,457,533,4445114986_5/9/2016,4445114986,2016-05-09,5275,3.539999962,3.539999962,0.0,0.0,0.0,3.539999962,0.0,0,0,266,641,2281
4445114986_5/10/2016,4445114986,2016-05-10,1,405,426,4445114986_5/10/2016,4445114986,2016-05-10,3915,2.630000114,2.630000114,0.0,0.0,0.0,2.630000114,0.0,0,0,231,783,2181
4445114986_5/11/2016,4445114986,2016-05-11,1,499,530,4445114986_5/11/2016,4445114986,2016-05-11,9105,6.110000134,6.110000134,0.0,2.25,1.0,2.859999895,0.0,34,22,232,622,2499
4445114986_5/12/2016,4445114986,2016-05-12,1,483,501,4445114986_5/12/2016,4445114986,2016-05-12,768,0.519999981,0.519999981,0.0,0.0,0.0,0.519999981,0.0,0,0,58,380,1212
4558609924_4/21/2016,4558609924,2016-04-21,1,126,137,4558609924_4/21/2016,4558609924,2016-04-21,13743,9.079999924,9.079999924,0.0,0.419999987,0.970000029,7.699999809,0.0,6,21,432,844,2486
4558609924_4/26/2016,4558609924,2016-04-26,1,103,121,4558609924_4/26/2016,4558609924,2016-04-26,9148,6.050000191,6.050000191,0.0,0.430000007,2.029999971,3.589999914,0.0,12,41,283,1062,2223
4558609924_4/29/2016,4558609924,2016-04-29,1,171,179,4558609924_4/29/2016,4558609924,2016-04-29,7833,5.179999828,5.179999828,0.0,1.019999981,1.850000024,2.309999943,0.0,15,29,197,1096,1918
4558609924_5/1/2016,4558609924,2016-05-01,1,115,129,4558609924_5/1/2016,4558609924,2016-05-01,3428,2.269999981,2.269999981,0.0,0.0,0.0,2.269999981,0.0,0,0,190,1121,1692
4558609924_5/8/2016,4558609924,2016-05-08,1,123,134,4558609924_5/8/2016,4558609924,2016-05-08,6543,4.329999924,4.329999924,0.0,1.799999952,0.5,2.019999981,0.0,66,35,238,1019,2666
4702921684_4/12/2016,4702921684,2016-04-12,1,425,439,4702921684_4/12/2016,4702921684,2016-04-12,7213,5.880000114,5.880000114,0.0,0.0,0.0,5.849999905,0.0,0,0,263,718,2947
4702921684_4/13/2016,4702921684,2016-04-13,2,400,430,4702921684_4/13/2016,4702921684,2016-04-13,6877,5.579999924,5.579999924,0.0,0.0,0.0,5.579999924,0.0,0,0,258,777,2898
4702921684_4/14/2016,4702921684,2016-04-14,1,384,415,4702921684_4/14/2016,4702921684,2016-04-14,7860,6.369999886,6.369999886,0.0,0.0,0.0,6.369999886,0.0,0,0,271,772,2984
4702921684_4/15/2016,4702921684,2016-04-15,1,253,257,4702921684_4/15/2016,4702921684,2016-04-15,6506,5.28000021,5.28000021,0.0,0.07,0.419999987,4.789999962,0.0,1,8,256,944,2896
4702921684_4/16/2016,4702921684,2016-04-16,2,382,406,4702921684_4/16/2016,4702921684,2016-04-16,11140,9.029999733,9.029999733,0.0,0.239999995,1.25,7.539999962,0.0,3,24,335,556,3328
4702921684_4/17/2016,4702921684,2016-04-17,1,591,612,4702921684_4/17/2016,4702921684,2016-04-17,12692,10.28999996,10.28999996,0.0,0.959999979,3.460000038,5.880000114,0.0,12,66,302,437,3394
4702921684_4/18/2016,4702921684,2016-04-18,1,293,312,4702921684_4/18/2016,4702921684,2016-04-18,9105,7.380000114,7.380000114,0.0,1.820000052,1.49000001,4.070000172,0.0,22,30,191,890,3013
4702921684_4/19/2016,4702921684,2016-04-19,1,457,487,4702921684_4/19/2016,4702921684,2016-04-19,6708,5.440000057,5.440000057,0.0,0.879999995,0.370000005,4.190000057,0.0,10,8,179,757,2812
4702921684_4/20/2016,4702921684,2016-04-20,1,454,468,4702921684_4/20/2016,4702921684,2016-04-20,8793,7.130000114,7.130000114,0.0,0.159999996,1.230000019,5.730000019,0.0,2,29,260,717,3061
4702921684_4/21/2016,4702921684,2016-04-21,1,425,434,4702921684_4/21/2016,4702921684,2016-04-21,6530,5.300000191,5.300000191,0.0,0.310000002,2.049999952,2.940000057,0.0,4,41,144,901,2729
4702921684_4/23/2016,4702921684,2016-04-23,1,465,475,4702921684_4/23/2016,4702921684,2016-04-23,15126,12.27000046,12.27000046,0.0,0.75999999,3.24000001,8.270000458,0.0,9,66,408,469,3691
4702921684_4/24/2016,4702921684,2016-04-24,1,480,506,4702921684_4/24/2016,4702921684,2016-04-24,15050,12.22000027,12.22000027,0.0,1.200000048,5.119999886,5.880000114,0.0,15,95,281,542,3538
4702921684_4/25/2016,4702921684,2016-04-25,1,370,380,4702921684_4/25/2016,4702921684,2016-04-25,9167,7.429999828,7.429999828,0.0,0.49000001,0.819999993,6.110000134,0.0,6,15,270,730,3064
4702921684_4/26/2016,4702921684,2016-04-26,1,421,429,4702921684_4/26/2016,4702921684,2016-04-26,6108,4.949999809,4.949999809,0.0,0.07,0.349999994,4.539999962,0.0,1,8,216,765,2784
4702921684_4/27/2016,4702921684,2016-04-27,1,432,449,4702921684_4/27/2016,4702921684,2016-04-27,7047,5.71999979,5.71999979,0.0,0.090000004,0.800000012,4.78000021,0.0,1,16,238,733,2908
4702921684_4/28/2016,4702921684,2016-04-28,1,442,461,4702921684_4/28/2016,4702921684,2016-04-28,9023,7.320000172,7.320000172,0.0,1.129999995,0.419999987,5.769999981,0.0,14,9,232,738,3033
4702921684_4/29/2016,4702921684,2016-04-29,1,433,447,4702921684_4/29/2016,4702921684,2016-04-29,9930,8.050000191,8.050000191,0.0,1.059999943,0.920000017,6.070000172,0.0,12,19,267,692,3165
4702921684_4/30/2016,4702921684,2016-04-30,1,479,501,4702921684_4/30/2016,4702921684,2016-04-30,10144,8.229999542,8.229999542,0.0,0.319999993,2.029999971,5.880000114,0.0,4,36,263,728,3115
4702921684_5/3/2016,4702921684,2016-05-03,1,327,373,4702921684_5/3/2016,4702921684,2016-05-03,9454,7.670000076,7.670000076,0.0,0.0,0.0,7.670000076,0.0,0,0,313,729,3145
4702921684_5/4/2016,4702921684,2016-05-04,1,412,434,4702921684_5/4/2016,4702921684,2016-05-04,8161,6.619999886,6.619999886,0.0,0.340000004,0.730000019,5.539999962,0.0,4,15,251,757,3004
4702921684_5/5/2016,4702921684,2016-05-05,1,414,428,4702921684_5/5/2016,4702921684,2016-05-05,8614,6.989999771,6.989999771,0.0,0.670000017,0.219999999,6.090000153,0.0,8,5,241,745,3006
4702921684_5/6/2016,4702921684,2016-05-06,1,404,449,4702921684_5/6/2016,4702921684,2016-05-06,6943,5.630000114,5.630000114,0.0,0.079999998,0.660000026,4.869999886,0.0,1,16,207,682,2859
4702921684_5/7/2016,4702921684,2016-05-07,1,520,543,4702921684_5/7/2016,4702921684,2016-05-07,14370,11.64999962,11.64999962,0.0,0.370000005,2.309999943,8.970000267,0.0,5,46,439,577,3683
4702921684_5/7/2016,4702921684,2016-05-07,1,520,543,4702921684_5/7/2016,4702921684,2016-05-07,14370,11.64999962,11.64999962,0.0,0.370000005,2.309999943,8.970000267,0.0,5,46,439,577,3683
4702921684_5/9/2016,4702921684,2016-05-09,1,435,458,4702921684_5/9/2016,4702921684,2016-05-09,8232,6.679999828,6.679999828,0.0,0.0,0.569999993,6.099999905,0.0,0,12,253,746,2990
4702921684_5/10/2016,4702921684,2016-05-10,1,416,431,4702921684_5/10/2016,4702921684,2016-05-10,10613,8.609999657,8.609999657,0.0,0.079999998,1.879999995,6.650000095,0.0,1,37,262,701,3172
4702921684_5/11/2016,4702921684,2016-05-11,1,354,366,4702921684_5/11/2016,4702921684,2016-05-11,9810,7.960000038,7.960000038,0.0,0.779999971,2.160000086,4.980000019,0.0,10,41,235,784,3069
4702921684_5/12/2016,4702921684,2016-05-12,1,404,442,4702921684_5/12/2016,4702921684,2016-05-12,2752,2.230000019,2.230000019,0.0,0.0,0.0,2.230000019,0.0,0,0,68,241,1240
5553957443_4/12/2016,5553957443,2016-04-12,1,441,464,5553957443_4/12/2016,5553957443,2016-04-12,11596,7.570000172,7.570000172,0.0,1.370000005,0.790000021,5.409999847,0.0,19,13,277,767,2026
5553957443_4/13/2016,5553957443,2016-04-13,2,455,488,5553957443_4/13/2016,5553957443,2016-04-13,4832,3.160000086,3.160000086,0.0,0.0,0.0,3.160000086,0.0,0,0,226,647,1718
5553957443_4/14/2016,5553957443,2016-04-14,1,357,418,5553957443_4/14/2016,5553957443,2016-04-14,17022,11.11999989,11.11999989,0.0,4.0,2.450000048,4.670000076,0.0,61,41,256,693,2324
5553957443_4/15/2016,5553957443,2016-04-15,1,377,409,5553957443_4/15/2016,5553957443,2016-04-15,16556,10.85999966,10.85999966,0.0,4.159999847,1.980000019,4.710000038,0.0,58,38,239,689,2254
5553957443_4/16/2016,5553957443,2016-04-16,2,651,686,5553957443_4/16/2016,5553957443,2016-04-16,5771,3.769999981,3.769999981,0.0,0.0,0.0,3.769999981,0.0,0,0,288,521,1831
5553957443_4/17/2016,5553957443,2016-04-17,1,350,402,5553957443_4/17/2016,5553957443,2016-04-17,655,0.430000007,0.430000007,0.0,0.0,0.0,0.430000007,0.0,0,0,46,943,1397
5553957443_4/18/2016,5553957443,2016-04-18,2,520,541,5553957443_4/18/2016,5553957443,2016-04-18,3727,2.430000067,2.430000067,0.0,0.0,0.0,2.430000067,0.0,0,0,206,622,1683
5553957443_4/19/2016,5553957443,2016-04-19,1,357,410,5553957443_4/19/2016,5553957443,2016-04-19,15482,10.10999966,10.10999966,0.0,4.28000021,1.659999967,4.179999828,0.0,69,28,249,756,2284
5553957443_4/20/2016,5553957443,2016-04-20,1,658,678,5553957443_4/20/2016,5553957443,2016-04-20,2713,1.769999981,1.769999981,0.0,0.0,0.0,1.769999981,0.0,0,0,148,598,1570
5553957443_4/21/2016,5553957443,2016-04-21,1,399,431,5553957443_4/21/2016,5553957443,2016-04-21,12346,8.06000042,8.06000042,0.0,2.950000048,2.160000086,2.960000038,0.0,47,42,177,801,2066
5553957443_4/22/2016,5553957443,2016-04-22,1,322,353,5553957443_4/22/2016,5553957443,2016-04-22,11682,7.630000114,7.630000114,0.0,1.379999995,0.629999995,5.599999905,0.0,25,16,270,781,2105
5553957443_4/23/2016,5553957443,2016-04-23,2,631,725,5553957443_4/23/2016,5553957443,2016-04-23,4112,2.690000057,2.690000057,0.0,0.0,0.0,2.680000067,0.0,0,0,272,443,1776
5553957443_4/24/2016,5553957443,2016-04-24,2,553,640,5553957443_4/24/2016,5553957443,2016-04-24,1807,1.179999948,1.179999948,0.0,0.0,0.0,1.179999948,0.0,0,0,104,582,1507
5553957443_4/25/2016,5553957443,2016-04-25,1,433,468,5553957443_4/25/2016,5553957443,2016-04-25,10946,7.190000057,7.190000057,0.0,2.930000067,0.569999993,3.690000057,0.0,51,11,201,732,2033
5553957443_4/26/2016,5553957443,2016-04-26,1,412,453,5553957443_4/26/2016,5553957443,2016-04-26,11886,7.760000229,7.760000229,0.0,2.369999886,0.930000007,4.460000038,0.0,40,18,238,750,2093
5553957443_4/27/2016,5553957443,2016-04-27,1,347,391,5553957443_4/27/2016,5553957443,2016-04-27,10538,6.880000114,6.880000114,0.0,1.139999986,1.0,4.739999771,0.0,16,16,206,745,1922
5553957443_4/28/2016,5553957443,2016-04-28,1,421,457,5553957443_4/28/2016,5553957443,2016-04-28,11393,7.630000114,7.630000114,0.0,3.710000038,0.75,3.170000076,0.0,49,13,165,727,1999
5553957443_4/29/2016,5553957443,2016-04-29,1,450,495,5553957443_4/29/2016,5553957443,2016-04-29,12764,8.329999924,8.329999924,0.0,2.789999962,0.639999986,4.909999847,0.0,46,15,270,709,2169
5553957443_4/30/2016,5553957443,2016-04-30,2,775,843,5553957443_4/30/2016,5553957443,2016-04-30,1202,0.779999971,0.779999971,0.0,0.0,0.0,0.779999971,0.0,0,0,84,506,1463
5553957443_5/1/2016,5553957443,2016-05-01,2,622,686,5553957443_5/1/2016,5553957443,2016-05-01,5164,3.369999886,3.369999886,0.0,0.0,0.0,3.369999886,0.0,0,0,237,436,1747
5553957443_5/2/2016,5553957443,2016-05-02,1,409,471,5553957443_5/2/2016,5553957443,2016-05-02,9769,6.380000114,6.380000114,0.0,1.059999943,0.409999996,4.900000095,0.0,23,9,227,724,1996
5553957443_5/3/2016,5553957443,2016-05-03,1,380,429,5553957443_5/3/2016,5553957443,2016-05-03,12848,8.390000343,8.390000343,0.0,1.5,1.200000048,5.679999828,0.0,26,29,247,812,2116
5553957443_5/4/2016,5553957443,2016-05-04,1,447,470,5553957443_5/4/2016,5553957443,2016-05-04,4249,2.769999981,2.769999981,0.0,0.0,0.0,2.769999981,0.0,0,0,224,651,1698
5553957443_5/5/2016,5553957443,2016-05-05,1,419,464,5553957443_5/5/2016,5553957443,2016-05-05,14331,9.510000229,9.510000229,0.0,3.430000067,1.659999967,4.429999828,0.0,44,29,241,692,2156
5553957443_5/6/2016,5553957443,2016-05-06,1,400,434,5553957443_5/6/2016,5553957443,2016-05-06,9632,6.289999962,6.289999962,0.0,1.519999981,0.540000021,4.230000019,0.0,21,9,229,761,1916
5553957443_5/7/2016,5553957443,2016-05-07,1,442,470,5553957443_5/7/2016,5553957443,2016-05-07,1868,1.220000029,1.220000029,0.0,0.0,0.0,1.220000029,0.0,0,0,96,902,1494
5553957443_5/8/2016,5553957443,2016-05-08,1,568,608,5553957443_5/8/2016,5553957443,2016-05-08,6083,4.0,4.0,0.0,0.219999999,0.469999999,3.299999952,0.0,3,8,210,505,1762
5553957443_5/9/2016,5553957443,2016-05-09,1,453,494,5553957443_5/9/2016,5553957443,2016-05-09,11611,7.579999924,7.579999924,0.0,2.130000114,0.889999986,4.559999943,0.0,59,22,251,667,2272
5553957443_5/10/2016,5553957443,2016-05-10,1,418,443,5553957443_5/10/2016,5553957443,2016-05-10,16358,10.71000004,10.71000004,0.0,3.869999886,1.610000014,5.199999809,0.0,61,40,265,707,2335
5553957443_5/11/2016,5553957443,2016-05-11,1,463,486,5553957443_5/11/2016,5553957443,2016-05-11,4926,3.220000029,3.220000029,0.0,0.0,0.0,3.220000029,0.0,0,0,195,628,1693
5553957443_5/12/2016,5553957443,2016-05-12,1,438,475,5553957443_5/12/2016,5553957443,2016-05-12,3121,2.039999962,2.039999962,0.0,0.579999983,0.400000006,1.059999943,0.0,8,6,48,222,741
5577150313_4/12/2016,5577150313,2016-04-12,1,419,438,5577150313_4/12/2016,5577150313,2016-04-12,8135,6.079999924,6.079999924,0.0,3.599999905,0.379999995,2.099999905,0.0,86,16,140,728,3405
5577150313_4/13/2016,5577150313,2016-04-13,1,432,458,5577150313_4/13/2016,5577150313,2016-04-13,5077,3.789999962,3.789999962,0.0,0.319999993,0.219999999,3.25,0.0,15,11,144,776,2551
5577150313_4/14/2016,5577150313,2016-04-14,1,477,497,5577150313_4/14/2016,5577150313,2016-04-14,8596,6.420000076,6.420000076,0.0,3.329999924,0.310000002,2.779999971,0.0,118,30,176,662,4022
5577150313_4/15/2016,5577150313,2016-04-15,1,392,413,5577150313_4/15/2016,5577150313,2016-04-15,12087,9.079999924,9.079999924,0.0,3.920000076,1.600000024,3.559999943,0.0,115,54,199,695,4005
5577150313_4/16/2016,5577150313,2016-04-16,1,406,445,5577150313_4/16/2016,5577150313,2016-04-16,14269,10.65999985,10.65999985,0.0,6.639999866,1.279999971,2.730000019,0.0,184,56,158,472,4274
5577150313_4/17/2016,5577150313,2016-04-17,1,549,583,5577150313_4/17/2016,5577150313,2016-04-17,12231,9.140000343,9.140000343,0.0,5.980000019,0.829999983,2.319999933,0.0,200,37,159,525,4552
5577150313_4/18/2016,5577150313,2016-04-18,1,527,553,5577150313_4/18/2016,5577150313,2016-04-18,9893,7.389999866,7.389999866,0.0,4.860000134,0.720000029,1.820000052,0.0,114,32,130,623,3625
5577150313_4/19/2016,5577150313,2016-04-19,1,449,465,5577150313_4/19/2016,5577150313,2016-04-19,12574,9.420000076,9.420000076,0.0,7.019999981,0.639999986,1.75999999,0.0,108,23,111,733,3501
5577150313_4/20/2016,5577150313,2016-04-20,1,447,480,5577150313_4/20/2016,5577150313,2016-04-20,8330,6.21999979,6.21999979,0.0,4.119999886,0.340000004,1.75999999,0.0,87,16,113,773,3192
5577150313_4/21/2016,5577150313,2016-04-21,1,414,437,5577150313_4/21/2016,5577150313,2016-04-21,10830,8.090000153,8.090000153,0.0,3.650000095,1.659999967,2.779999971,0.0,110,74,175,670,4018
5577150313_4/22/2016,5577150313,2016-04-22,1,338,366,5577150313_4/22/2016,5577150313,2016-04-22,9172,6.849999905,6.849999905,0.0,2.420000076,0.790000021,3.299999952,0.0,62,30,200,823,3329
5577150313_4/23/2016,5577150313,2016-04-23,1,384,402,5577150313_4/23/2016,5577150313,2016-04-23,7638,5.710000038,5.710000038,0.0,1.210000038,0.360000014,4.139999866,0.0,24,24,223,627,3152
5577150313_4/24/2016,5577150313,2016-04-24,1,543,615,5577150313_4/24/2016,5577150313,2016-04-24,15764,11.77999973,11.77999973,0.0,7.650000095,2.150000095,1.980000019,0.0,210,65,141,425,4392
5577150313_4/25/2016,5577150313,2016-04-25,1,421,461,5577150313_4/25/2016,5577150313,2016-04-25,6393,4.78000021,4.78000021,0.0,1.350000024,0.670000017,2.75999999,0.0,61,38,214,743,3374
5577150313_4/26/2016,5577150313,2016-04-26,1,354,377,5577150313_4/26/2016,5577150313,2016-04-26,5325,3.980000019,3.980000019,0.0,0.850000024,0.649999976,2.470000029,0.0,38,32,181,759,3088
5577150313_4/27/2016,5577150313,2016-04-27,1,424,452,5577150313_4/27/2016,5577150313,2016-04-27,6805,5.139999866,5.139999866,0.0,1.809999943,0.400000006,2.930000067,0.0,63,16,190,773,3294
5577150313_4/28/2016,5577150313,2016-04-28,1,361,372,5577150313_4/28/2016,5577150313,2016-04-28,9841,7.429999828,7.429999828,0.0,3.25,1.169999957,3.00999999,0.0,99,51,141,692,3580
5577150313_4/29/2016,5577150313,2016-04-29,1,459,485,5577150313_4/29/2016,5577150313,2016-04-29,7924,5.920000076,5.920000076,0.0,2.839999914,0.610000014,2.470000029,0.0,97,36,165,739,3544
5577150313_4/30/2016,5577150313,2016-04-30,1,412,433,5577150313_4/30/2016,5577150313,2016-04-30,12363,9.239999771,9.239999771,0.0,5.829999924,0.790000021,2.609999895,0.0,207,45,163,621,4501
5577150313_5/1/2016,5577150313,2016-05-01,1,379,398,5577150313_5/1/2016,5577150313,2016-05-01,13368,9.989999771,9.989999771,0.0,5.309999943,1.440000057,3.24000001,0.0,194,72,178,499,4546
5577150313_5/2/2016,5577150313,2016-05-02,2,525,553,5577150313_5/2/2016,5577150313,2016-05-02,7439,5.559999943,5.559999943,0.0,1.120000005,0.349999994,4.070000172,0.0,37,20,235,732,3014
5577150313_5/3/2016,5577150313,2016-05-03,1,508,543,5577150313_5/3/2016,5577150313,2016-05-03,11045,8.25,8.25,0.0,4.519999981,0.150000006,3.569999933,0.0,97,8,212,580,3795
5577150313_5/4/2016,5577150313,2016-05-04,1,603,634,5577150313_5/4/2016,5577150313,2016-05-04,5206,3.890000105,3.890000105,0.0,1.559999943,0.25,2.079999924,0.0,25,9,141,631,2755
5577150313_5/5/2016,5577150313,2016-05-05,1,74,78,5577150313_5/5/2016,5577150313,2016-05-05,7550,5.639999866,5.639999866,0.0,2.5,0.469999999,2.670000076,0.0,45,21,143,1153,3004
5577150313_5/10/2016,5577150313,2016-05-10,1,504,562,5577150313_5/10/2016,5577150313,2016-05-10,8869,6.650000095,6.650000095,0.0,2.559999943,0.75,3.349999905,0.0,104,37,194,639,3841
5577150313_5/11/2016,5577150313,2016-05-11,1,431,476,5577150313_5/11/2016,5577150313,2016-05-11,4038,3.039999962,3.039999962,0.0,1.830000043,0.300000012,0.889999986,0.0,45,15,63,257,1665
6117666160_4/16/2016,6117666160,2016-04-16,1,380,398,6117666160_4/16/2016,6117666160,2016-04-16,14450,10.90999985,10.90999985,0.0,0.579999983,0.850000024,9.479999542,0.0,7,15,518,502,2828
6117666160_4/17/2016,6117666160,2016-04-17,2,336,350,6117666160_4/17/2016,6117666160,2016-04-17,7150,5.400000095,5.400000095,0.0,0.0,0.0,5.400000095,0.0,0,0,312,702,2225
6117666160_4/18/2016,6117666160,2016-04-18,2,493,510,6117666160_4/18/2016,6117666160,2016-04-18,5153,3.910000086,3.910000086,0.0,0.0,0.0,3.890000105,0.0,0,0,241,759,2018
6117666160_4/19/2016,6117666160,2016-04-19,1,465,492,6117666160_4/19/2016,6117666160,2016-04-19,11135,8.409999847,8.409999847,0.0,0.0,0.0,8.409999847,0.0,0,0,480,425,2606
6117666160_4/20/2016,6117666160,2016-04-20,1,474,502,6117666160_4/20/2016,6117666160,2016-04-20,10449,8.020000458,8.020000458,0.0,2.029999971,0.479999989,5.519999981,0.0,26,10,349,587,2536
6117666160_4/21/2016,6117666160,2016-04-21,1,508,550,6117666160_4/21/2016,6117666160,2016-04-21,19542,15.01000023,15.01000023,0.0,0.980000019,0.400000006,5.619999886,0.0,11,19,294,579,4900
6117666160_4/22/2016,6117666160,2016-04-22,1,480,546,6117666160_4/22/2016,6117666160,2016-04-22,8206,6.199999809,6.199999809,0.0,0.0,0.0,6.199999809,0.0,0,0,402,413,2409
6117666160_4/23/2016,6117666160,2016-04-23,1,492,539,6117666160_4/23/2016,6117666160,2016-04-23,11495,8.680000305,8.680000305,0.0,0.0,0.0,8.680000305,0.0,0,0,512,468,2651
6117666160_4/24/2016,6117666160,2016-04-24,1,353,367,6117666160_4/24/2016,6117666160,2016-04-24,7623,5.760000229,5.760000229,0.0,0.0,0.0,5.760000229,0.0,0,0,362,711,2305
6117666160_4/27/2016,6117666160,2016-04-27,1,542,557,6117666160_4/27/2016,6117666160,2016-04-27,9411,7.110000134,7.110000134,0.0,0.0,0.0,7.110000134,0.0,0,0,458,417,2576
6117666160_4/28/2016,6117666160,2016-04-28,1,393,416,6117666160_4/28/2016,6117666160,2016-04-28,3403,2.599999905,2.599999905,0.0,0.0,0.0,2.599999905,0.0,0,0,141,758,1879
6117666160_4/29/2016,6117666160,2016-04-29,1,600,636,6117666160_4/29/2016,6117666160,2016-04-29,9592,7.239999771,7.239999771,0.0,0.0,0.0,7.239999771,0.0,0,0,461,479,2560
6117666160_5/1/2016,6117666160,2016-05-01,1,507,575,6117666160_5/1/2016,6117666160,2016-05-01,8915,6.730000019,6.730000019,0.0,0.0,0.0,6.730000019,0.0,0,0,397,525,2361
6117666160_5/5/2016,6117666160,2016-05-05,1,392,415,6117666160_5/5/2016,6117666160,2016-05-05,9799,7.400000095,7.400000095,0.0,0.0,0.0,7.400000095,0.0,0,0,487,479,2636
6117666160_5/6/2016,6117666160,2016-05-06,2,658,698,6117666160_5/6/2016,6117666160,2016-05-06,3365,2.680000067,2.680000067,0.0,0.0,0.0,2.680000067,0.0,0,0,133,673,1838
6117666160_5/7/2016,6117666160,2016-05-07,2,498,507,6117666160_5/7/2016,6117666160,2016-05-07,7336,5.539999962,5.539999962,0.0,0.0,0.0,5.539999962,0.0,0,0,412,456,2469
6117666160_5/8/2016,6117666160,2016-05-08,1,555,603,6117666160_5/8/2016,6117666160,2016-05-08,7328,5.53000021,5.53000021,0.0,0.0,0.0,5.53000021,0.0,0,0,318,517,2250
6117666160_5/9/2016,6117666160,2016-05-09,1,492,522,6117666160_5/9/2016,6117666160,2016-05-09,4477,3.380000114,3.380000114,0.0,0.0,0.0,3.380000114,0.0,0,0,197,125,1248
6775888955_4/13/2016,6775888955,2016-04-13,1,235,260,6775888955_4/13/2016,6775888955,2016-04-13,4053,2.910000086,2.910000086,0.0,1.110000014,0.579999983,1.220000029,0.0,17,18,85,1053,2400
6775888955_4/14/2016,6775888955,2016-04-14,1,423,441,6775888955_4/14/2016,6775888955,2016-04-14,5162,3.700000048,3.700000048,0.0,0.870000005,0.860000014,1.970000029,0.0,14,24,105,863,2507
6775888955_4/15/2016,6775888955,2016-04-15,1,391,406,6775888955_4/15/2016,6775888955,2016-04-15,1282,0.920000017,0.920000017,0.0,0.0,0.0,0.920000017,0.0,0,0,58,976,2127
6962181067_4/12/2016,6962181067,2016-04-12,1,366,387,6962181067_4/12/2016,6962181067,2016-04-12,10199,6.739999771,6.739999771,0.0,3.400000095,0.829999983,2.50999999,0.0,50,14,189,796,1994
6962181067_4/13/2016,6962181067,2016-04-13,3,630,679,6962181067_4/13/2016,6962181067,2016-04-13,5652,3.74000001,3.74000001,0.0,0.569999993,1.210000038,1.960000038,0.0,8,24,142,548,1718
6962181067_4/14/2016,6962181067,2016-04-14,2,508,535,6962181067_4/14/2016,6962181067,2016-04-14,1551,1.029999971,1.029999971,0.0,0.0,0.0,1.029999971,0.0,0,0,86,862,1466
6962181067_4/15/2016,6962181067,2016-04-15,1,370,386,6962181067_4/15/2016,6962181067,2016-04-15,5563,3.680000067,3.680000067,0.0,0.0,0.0,3.680000067,0.0,0,0,217,837,1756
6962181067_4/16/2016,6962181067,2016-04-16,1,357,366,6962181067_4/16/2016,6962181067,2016-04-16,13217,8.739999771,8.739999771,0.0,3.660000086,0.189999998,4.880000114,0.0,50,3,280,741,2173
6962181067_4/17/2016,6962181067,2016-04-17,1,427,446,6962181067_4/17/2016,6962181067,2016-04-17,10145,6.710000038,6.710000038,0.0,0.330000013,0.680000007,5.690000057,0.0,5,13,295,634,2027
6962181067_4/18/2016,6962181067,2016-04-18,1,442,458,6962181067_4/18/2016,6962181067,2016-04-18,11404,7.539999962,7.539999962,0.0,0.829999983,2.390000105,4.320000172,0.0,13,42,238,689,2039
6962181067_4/19/2016,6962181067,2016-04-19,1,476,535,6962181067_4/19/2016,6962181067,2016-04-19,10742,7.099999905,7.099999905,0.0,2.099999905,2.130000114,2.869999886,0.0,35,41,195,659,2046
6962181067_4/20/2016,6962181067,2016-04-20,1,418,424,6962181067_4/20/2016,6962181067,2016-04-20,13928,9.550000191,9.550000191,0.0,4.28000021,0.189999998,5.090000153,0.0,48,4,297,639,2174
6962181067_4/21/2016,6962181067,2016-04-21,1,451,457,6962181067_4/21/2016,6962181067,2016-04-21,11835,9.710000038,7.880000114,4.081692219,3.99000001,2.099999905,3.50999999,0.109999999,53,27,214,708,2179
6962181067_4/22/2016,6962181067,2016-04-22,1,425,435,6962181067_4/22/2016,6962181067,2016-04-22,10725,7.090000153,7.090000153,0.0,1.769999981,1.549999952,3.769999981,0.0,30,33,240,659,2086
6962181067_4/23/2016,6962181067,2016-04-23,1,528,546,6962181067_4/23/2016,6962181067,2016-04-23,20031,13.23999977,13.23999977,0.0,4.199999809,2.0,7.039999962,0.0,58,41,347,484,2571
6962181067_4/24/2016,6962181067,2016-04-24,1,511,514,6962181067_4/24/2016,6962181067,2016-04-24,5029,3.319999933,3.319999933,0.0,0.0,0.0,3.319999933,0.0,0,0,199,720,1705
6962181067_4/25/2016,6962181067,2016-04-25,1,400,415,6962181067_4/25/2016,6962181067,2016-04-25,13239,9.270000458,9.079999924,2.785175085,3.019999981,1.679999948,4.460000038,0.100000001,35,31,282,637,2194
6962181067_4/26/2016,6962181067,2016-04-26,1,441,446,6962181067_4/26/2016,6962181067,2016-04-26,10433,6.900000095,6.900000095,0.0,2.579999924,0.419999987,3.900000095,0.0,36,7,254,680,2012
6962181067_4/27/2016,6962181067,2016-04-27,1,455,467,6962181067_4/27/2016,6962181067,2016-04-27,10320,6.820000172,6.820000172,0.0,0.550000012,2.019999981,4.25,0.0,7,38,279,697,2034
6962181067_4/28/2016,6962181067,2016-04-28,1,440,453,6962181067_4/28/2016,6962181067,2016-04-28,12627,8.350000381,8.350000381,0.0,2.50999999,0.239999995,5.590000153,0.0,38,8,288,621,2182
6962181067_4/29/2016,6962181067,2016-04-29,1,433,447,6962181067_4/29/2016,6962181067,2016-04-29,10762,7.110000134,7.110000134,0.0,0.819999993,0.479999989,5.809999943,0.0,12,15,369,645,2254
6962181067_4/30/2016,6962181067,2016-04-30,1,422,424,6962181067_4/30/2016,6962181067,2016-04-30,10081,6.659999847,6.659999847,0.0,2.24000001,0.75999999,3.670000076,0.0,32,16,237,731,2002
6962181067_5/1/2016,6962181067,2016-05-01,1,411,426,6962181067_5/1/2016,6962181067,2016-05-01,5454,3.609999895,3.609999895,0.0,0.0,0.0,3.609999895,0.0,0,0,215,722,1740
6962181067_5/2/2016,6962181067,2016-05-02,1,466,482,6962181067_5/2/2016,6962181067,2016-05-02,12912,8.539999962,8.539999962,0.0,1.200000048,2.0,5.340000153,0.0,18,39,313,655,2162
6962181067_5/3/2016,6962181067,2016-05-03,1,394,418,6962181067_5/3/2016,6962181067,2016-05-03,12109,8.119999886,8.119999886,0.0,1.74000001,2.039999962,4.329999924,0.0,21,36,267,654,2072
6962181067_5/4/2016,6962181067,2016-05-04,1,442,455,6962181067_5/4/2016,6962181067,2016-05-04,10147,6.710000038,6.710000038,0.0,0.469999999,1.679999948,4.550000191,0.0,15,36,284,683,2086
6962181067_5/5/2016,6962181067,2016-05-05,1,467,491,6962181067_5/5/2016,6962181067,2016-05-05,10524,6.960000038,6.960000038,0.0,0.99000001,1.159999967,4.809999943,0.0,14,22,305,591,2066
6962181067_5/6/2016,6962181067,2016-05-06,1,443,462,6962181067_5/6/2016,6962181067,2016-05-06,5908,3.910000086,3.910000086,0.0,0.0,0.0,3.910000086,0.0,0,0,299,717,1850
6962181067_5/7/2016,6962181067,2016-05-07,1,298,334,6962181067_5/7/2016,6962181067,2016-05-07,6815,4.5,4.5,0.0,0.0,0.0,4.5,0.0,0,0,328,745,1947
6962181067_5/8/2016,6962181067,2016-05-08,1,541,569,6962181067_5/8/2016,6962181067,2016-05-08,4188,2.769999981,2.769999981,0.0,0.0,0.519999981,2.25,0.0,0,14,151,709,1659
6962181067_5/9/2016,6962181067,2016-05-09,1,489,497,6962181067_5/9/2016,6962181067,2016-05-09,12342,8.720000267,8.680000305,3.167821884,3.900000095,1.179999948,3.650000095,0.0,43,21,231,607,2105
6962181067_5/10/2016,6962181067,2016-05-10,1,469,481,6962181067_5/10/2016,6962181067,2016-05-10,15448,10.21000004,10.21000004,0.0,3.470000029,1.75,4.989999771,0.0,62,34,275,626,2361
6962181067_5/11/2016,6962181067,2016-05-11,1,452,480,6962181067_5/11/2016,6962181067,2016-05-11,6722,4.440000057,4.440000057,0.0,1.49000001,0.310000002,2.650000095,0.0,24,7,199,709,1855
6962181067_5/12/2016,6962181067,2016-05-12,1,516,535,6962181067_5/12/2016,6962181067,2016-05-12,3587,2.369999886,2.369999886,0.0,0.0,0.25,2.109999895,0.0,0,8,105,127,928
7007744171_4/16/2016,7007744171,2016-04-16,1,79,82,7007744171_4/16/2016,7007744171,2016-04-16,4631,3.099999905,3.099999905,0.0,0.0,0.0,3.099999905,0.0,0,0,203,1155,2076
7007744171_5/1/2016,7007744171,2016-05-01,1,58,61,7007744171_5/1/2016,7007744171,2016-05-01,5600,3.75,3.75,0.0,0.0,0.0,3.75,0.0,0,0,237,1142,2225
7086361926_4/12/2016,7086361926,2016-04-12,1,514,525,7086361926_4/12/2016,7086361926,2016-04-12,11317,8.409999847,8.409999847,0.0,5.269999981,0.150000006,2.970000029,0.0,59,6,153,745,2772
7086361926_4/13/2016,7086361926,2016-04-13,1,451,465,7086361926_4/13/2016,7086361926,2016-04-13,5813,3.619999886,3.619999886,0.0,0.560000002,0.209999993,2.839999914,0.0,31,26,155,744,2516
7086361926_4/14/2016,7086361926,2016-04-14,1,472,476,7086361926_4/14/2016,7086361926,2016-04-14,9123,6.119999886,6.119999886,0.0,2.029999971,0.330000013,3.660000086,0.0,35,32,189,787,2734
7086361926_4/15/2016,7086361926,2016-04-15,1,377,386,7086361926_4/15/2016,7086361926,2016-04-15,8585,5.670000076,5.670000076,0.0,2.039999962,1.110000014,2.529999971,0.0,30,21,139,864,2395
7086361926_4/19/2016,7086361926,2016-04-19,1,472,483,7086361926_4/19/2016,7086361926,2016-04-19,10688,7.289999962,7.289999962,0.0,3.529999971,1.230000019,2.50999999,0.0,67,69,124,671,2944
7086361926_4/20/2016,7086361926,2016-04-20,1,492,502,7086361926_4/20/2016,7086361926,2016-04-20,14365,10.64000034,10.64000034,0.0,7.639999866,0.449999988,2.539999962,0.0,87,13,145,797,2997
7086361926_4/21/2016,7086361926,2016-04-21,1,390,411,7086361926_4/21/2016,7086361926,2016-04-21,9469,6.179999828,6.179999828,0.0,1.360000014,0.300000012,4.510000229,0.0,19,6,206,758,2463
7086361926_4/22/2016,7086361926,2016-04-22,1,428,448,7086361926_4/22/2016,7086361926,2016-04-22,9753,6.53000021,6.53000021,0.0,2.869999886,0.970000029,2.670000076,0.0,58,59,153,762,2846
7086361926_4/24/2016,7086361926,2016-04-24,1,681,704,7086361926_4/24/2016,7086361926,2016-04-24,3520,2.160000086,2.160000086,0.0,0.0,0.0,2.150000095,0.0,0,0,125,566,2049
7086361926_4/25/2016,7086361926,2016-04-25,1,446,447,7086361926_4/25/2016,7086361926,2016-04-25,10091,6.820000172,6.820000172,0.0,3.75,0.699999988,2.369999886,0.0,69,39,129,706,2752
7086361926_4/26/2016,7086361926,2016-04-26,1,485,500,7086361926_4/26/2016,7086361926,2016-04-26,10387,7.070000172,7.070000172,0.0,4.159999847,0.769999981,2.119999886,0.0,70,33,132,726,2781
7086361926_4/27/2016,7086361926,2016-04-27,1,469,479,7086361926_4/27/2016,7086361926,2016-04-27,11107,8.340000153,8.340000153,0.0,5.630000114,0.180000007,2.529999971,0.0,55,6,145,829,2693
7086361926_4/28/2016,7086361926,2016-04-28,1,354,367,7086361926_4/28/2016,7086361926,2016-04-28,11584,7.800000191,7.800000191,0.0,2.789999962,1.639999986,3.359999895,0.0,54,48,161,810,2862
7086361926_4/30/2016,7086361926,2016-04-30,1,485,489,7086361926_4/30/2016,7086361926,2016-04-30,14560,9.409999847,9.409999847,0.0,3.119999886,1.039999962,5.239999771,0.0,42,17,308,584,2995
7086361926_5/1/2016,7086361926,2016-05-01,1,388,407,7086361926_5/1/2016,7086361926,2016-05-01,12390,8.069999695,8.069999695,0.0,2.299999952,0.899999976,4.849999905,0.0,30,15,258,685,2730
7086361926_5/2/2016,7086361926,2016-05-02,1,440,459,7086361926_5/2/2016,7086361926,2016-05-02,10052,6.809999943,6.809999943,0.0,3.480000019,0.660000026,2.660000086,0.0,66,26,139,737,2754
7086361926_5/3/2016,7086361926,2016-05-03,1,456,461,7086361926_5/3/2016,7086361926,2016-05-03,10288,6.760000229,6.760000229,0.0,2.74000001,0.850000024,3.160000086,0.0,57,36,152,761,2754
7086361926_5/4/2016,7086361926,2016-05-04,1,420,436,7086361926_5/4/2016,7086361926,2016-05-04,10988,8.31000042,8.31000042,0.0,5.28000021,0.119999997,2.900000095,0.0,45,12,135,843,2655
7086361926_5/6/2016,7086361926,2016-05-06,1,322,333,7086361926_5/6/2016,7086361926,2016-05-06,12461,8.380000114,8.380000114,0.0,3.819999933,1.429999948,3.119999886,0.0,84,35,154,834,2924
7086361926_5/7/2016,7086361926,2016-05-07,1,530,548,7086361926_5/7/2016,7086361926,2016-05-07,12827,8.479999542,8.479999542,0.0,1.460000038,2.329999924,4.679999828,0.0,20,42,209,621,2739
7086361926_5/8/2016,7086361926,2016-05-08,1,481,510,7086361926_5/8/2016,7086361926,2016-05-08,10677,7.099999905,7.099999905,0.0,2.309999943,1.529999971,3.25,0.0,32,27,147,695,2534
7086361926_5/9/2016,7086361926,2016-05-09,1,427,438,7086361926_5/9/2016,7086361926,2016-05-09,13566,9.109999657,9.109999657,0.0,4.260000229,1.710000038,3.119999886,0.0,67,50,171,743,2960
7086361926_5/11/2016,7086361926,2016-05-11,1,451,463,7086361926_5/11/2016,7086361926,2016-05-11,9572,6.519999981,6.519999981,0.0,2.890000105,1.389999986,2.230000019,0.0,57,40,128,757,2735
7086361926_5/12/2016,7086361926,2016-05-12,1,444,457,7086361926_5/12/2016,7086361926,2016-05-12,3789,2.559999943,2.559999943,0.0,0.379999995,0.270000011,1.889999986,0.0,5,4,58,343,1199
8053475328_4/20/2016,8053475328,2016-04-20,1,486,493,8053475328_4/20/2016,8053475328,2016-04-20,15108,12.18999958,12.18999958,0.0,9.579999924,0.230000004,2.380000114,0.0,89,5,158,695,3043
8053475328_4/23/2016,8053475328,2016-04-23,1,331,337,8053475328_4/23/2016,8053475328,2016-04-23,22359,17.19000053,17.19000053,0.0,12.53999996,0.629999995,4.019999981,0.0,125,14,223,741,3554
8053475328_5/7/2016,8053475328,2016-05-07,1,74,75,8053475328_5/7/2016,8053475328,2016-05-07,19769,15.67000008,15.67000008,0.0,12.43999958,0.879999995,2.349999905,0.0,121,20,148,1076,3331
8378563200_4/12/2016,8378563200,2016-04-12,1,338,356,8378563200_4/12/2016,8378563200,2016-04-12,7626,6.050000191,6.050000191,2.253081083,0.829999983,0.709999979,4.5,0.0,65,15,156,723,3635
8378563200_4/13/2016,8378563200,2016-04-13,2,447,487,8378563200_4/13/2016,8378563200,2016-04-13,12386,9.819999695,9.819999695,2.092147112,4.960000038,0.649999976,4.210000038,0.0,116,14,169,680,4079
8378563200_4/14/2016,8378563200,2016-04-14,1,424,455,8378563200_4/14/2016,8378563200,2016-04-14,13318,10.56000042,10.56000042,2.253081083,5.619999886,1.029999971,3.910000086,0.0,123,21,174,699,4163
8378563200_4/15/2016,8378563200,2016-04-15,1,513,533,8378563200_4/15/2016,8378563200,2016-04-15,14461,11.47000027,11.47000027,0.0,4.909999847,1.149999976,5.409999847,0.0,60,23,190,729,3666
8378563200_4/16/2016,8378563200,2016-04-16,2,611,689,8378563200_4/16/2016,8378563200,2016-04-16,11207,8.890000343,8.890000343,0.0,5.369999886,1.070000052,2.440000057,0.0,64,21,142,563,3363
8378563200_4/17/2016,8378563200,2016-04-17,2,525,591,8378563200_4/17/2016,8378563200,2016-04-17,2132,1.690000057,1.690000057,0.0,0.0,0.0,1.690000057,0.0,0,0,93,599,2572
8378563200_4/18/2016,8378563200,2016-04-18,1,398,451,8378563200_4/18/2016,8378563200,2016-04-18,13630,10.81000042,10.81000042,2.092147112,5.050000191,0.560000002,5.199999809,0.0,117,10,174,720,4157
8378563200_4/19/2016,8378563200,2016-04-19,1,387,421,8378563200_4/19/2016,8378563200,2016-04-19,13070,10.35999966,10.35999966,2.253081083,5.300000191,0.879999995,4.179999828,0.0,120,19,154,737,4092
8378563200_4/20/2016,8378563200,2016-04-20,1,381,409,8378563200_4/20/2016,8378563200,2016-04-20,9388,7.440000057,7.440000057,2.092147112,2.230000019,0.439999998,4.78000021,0.0,82,8,169,763,3787
8378563200_4/21/2016,8378563200,2016-04-21,1,396,417,8378563200_4/21/2016,8378563200,2016-04-21,15148,12.01000023,12.01000023,2.253081083,6.900000095,0.819999993,4.289999962,0.0,137,16,145,677,4236
8378563200_4/22/2016,8378563200,2016-04-22,1,441,469,8378563200_4/22/2016,8378563200,2016-04-22,12200,9.670000076,9.670000076,2.092147112,4.909999847,0.589999974,4.179999828,0.0,113,12,159,769,4044
8378563200_4/23/2016,8378563200,2016-04-23,1,565,591,8378563200_4/23/2016,8378563200,2016-04-23,5709,4.53000021,4.53000021,0.0,1.519999981,0.519999981,2.480000019,0.0,19,10,136,740,2908
8378563200_4/24/2016,8378563200,2016-04-24,1,458,492,8378563200_4/24/2016,8378563200,2016-04-24,3703,2.940000057,2.940000057,0.0,0.0,0.0,2.940000057,0.0,0,0,135,734,2741
8378563200_4/25/2016,8378563200,2016-04-25,1,388,402,8378563200_4/25/2016,8378563200,2016-04-25,12405,9.840000153,9.840000153,2.092147112,5.050000191,0.870000005,3.920000076,0.0,117,16,141,692,4005
8378563200_4/25/2016,8378563200,2016-04-25,1,388,402,8378563200_4/25/2016,8378563200,2016-04-25,12405,9.840000153,9.840000153,2.092147112,5.050000191,0.870000005,3.920000076,0.0,117,16,141,692,4005
8378563200_4/26/2016,8378563200,2016-04-26,1,550,584,8378563200_4/26/2016,8378563200,2016-04-26,16208,12.85000038,12.85000038,0.0,7.510000229,0.920000017,4.420000076,0.0,90,18,161,593,3763
8378563200_4/27/2016,8378563200,2016-04-27,1,531,600,8378563200_4/27/2016,8378563200,2016-04-27,7359,5.840000153,5.840000153,0.0,0.330000013,0.180000007,5.329999924,0.0,4,4,192,676,3061
8378563200_4/28/2016,8378563200,2016-04-28,1,506,556,8378563200_4/28/2016,8378563200,2016-04-28,5417,4.300000191,4.300000191,0.0,0.899999976,0.49000001,2.910000086,0.0,11,10,139,711,2884
8378563200_4/29/2016,8378563200,2016-04-29,1,527,562,8378563200_4/29/2016,8378563200,2016-04-29,6175,4.900000095,4.900000095,0.0,0.25,0.360000014,4.269999981,0.0,3,7,172,767,2982
8378563200_4/30/2016,8378563200,2016-04-30,1,468,555,8378563200_4/30/2016,8378563200,2016-04-30,2946,2.339999914,2.339999914,0.0,0.0,0.0,2.339999914,0.0,0,0,121,780,2660
8378563200_5/1/2016,8378563200,2016-05-01,1,475,539,8378563200_5/1/2016,8378563200,2016-05-01,11419,9.06000042,9.06000042,0.0,6.03000021,0.560000002,2.470000029,0.0,71,10,127,669,3369
8378563200_5/2/2016,8378563200,2016-05-02,1,351,385,8378563200_5/2/2016,8378563200,2016-05-02,6064,4.809999943,4.809999943,2.092147112,0.629999995,0.170000002,4.010000229,0.0,63,4,142,802,3491
8378563200_5/3/2016,8378563200,2016-05-03,1,405,429,8378563200_5/3/2016,8378563200,2016-05-03,8712,6.909999847,6.909999847,2.253081083,1.340000033,1.059999943,4.5,0.0,71,20,195,822,3784
8378563200_5/4/2016,8378563200,2016-05-04,1,441,477,8378563200_5/4/2016,8378563200,2016-05-04,7875,6.239999771,6.239999771,0.0,1.559999943,0.49000001,4.199999809,0.0,19,10,167,680,3110
8378563200_5/5/2016,8378563200,2016-05-05,1,381,417,8378563200_5/5/2016,8378563200,2016-05-05,8567,6.789999962,6.789999962,2.253081083,0.889999986,0.159999996,5.739999771,0.0,66,3,214,764,3783
8378563200_5/6/2016,8378563200,2016-05-06,1,323,355,8378563200_5/6/2016,8378563200,2016-05-06,7045,5.590000153,5.590000153,2.092147112,1.549999952,0.25,3.779999971,0.0,74,5,166,831,3644
8378563200_5/7/2016,8378563200,2016-05-07,2,459,513,8378563200_5/7/2016,8378563200,2016-05-07,4468,3.539999962,3.539999962,0.0,0.0,0.0,3.539999962,0.0,0,0,158,851,2799
8378563200_5/8/2016,8378563200,2016-05-08,1,545,606,8378563200_5/8/2016,8378563200,2016-05-08,2943,2.329999924,2.329999924,0.0,0.0,0.0,2.329999924,0.0,0,0,139,621,2685
8378563200_5/9/2016,8378563200,2016-05-09,1,359,399,8378563200_5/9/2016,8378563200,2016-05-09,8382,6.650000095,6.650000095,2.092147112,1.269999981,0.660000026,4.71999979,0.0,71,13,171,772,3721
8378563200_5/10/2016,8378563200,2016-05-10,1,342,391,8378563200_5/10/2016,8378563200,2016-05-10,6582,5.21999979,5.21999979,2.253081083,0.660000026,0.639999986,3.920000076,0.0,63,13,152,840,3586
8378563200_5/11/2016,8378563200,2016-05-11,1,368,387,8378563200_5/11/2016,8378563200,2016-05-11,9143,7.25,7.25,2.092147112,1.389999986,0.589999974,5.269999981,0.0,72,10,184,763,3788
8378563200_5/12/2016,8378563200,2016-05-12,1,496,546,8378563200_5/12/2016,8378563200,2016-05-12,4561,3.619999886,3.619999886,0.0,0.649999976,0.270000011,2.690000057,0.0,8,6,102,433,1976
8792009665_4/12/2016,8792009665,2016-04-12,1,458,493,8792009665_4/12/2016,8792009665,2016-04-12,2564,1.639999986,1.639999986,0.0,0.0,0.0,1.639999986,0.0,0,0,116,831,2044
8792009665_4/13/2016,8792009665,2016-04-13,1,531,552,8792009665_4/13/2016,8792009665,2016-04-13,1320,0.839999974,0.839999974,0.0,0.0,0.0,0.839999974,0.0,0,0,82,806,1934
8792009665_4/14/2016,8792009665,2016-04-14,1,486,503,8792009665_4/14/2016,8792009665,2016-04-14,1219,0.779999971,0.779999971,0.0,0.0,0.0,0.779999971,0.0,0,0,84,853,1963
8792009665_4/15/2016,8792009665,2016-04-15,1,363,377,8792009665_4/15/2016,8792009665,2016-04-15,2483,1.590000033,1.590000033,0.0,0.0,0.0,1.590000033,0.0,0,0,126,937,2009
8792009665_4/20/2016,8792009665,2016-04-20,1,528,547,8792009665_4/20/2016,8792009665,2016-04-20,3147,2.00999999,2.00999999,0.0,0.0,0.280000001,1.74000001,0.0,0,10,139,744,2188
8792009665_4/22/2016,8792009665,2016-04-22,1,391,407,8792009665_4/22/2016,8792009665,2016-04-22,4068,2.599999905,2.599999905,0.0,0.050000001,0.280000001,2.269999981,0.0,1,20,195,817,2419
8792009665_4/23/2016,8792009665,2016-04-23,1,339,360,8792009665_4/23/2016,8792009665,2016-04-23,5245,3.359999895,3.359999895,0.0,0.159999996,0.439999998,2.75,0.0,8,45,232,795,2748
8792009665_4/27/2016,8792009665,2016-04-27,1,423,428,8792009665_4/27/2016,8792009665,2016-04-27,1758,1.129999995,1.129999995,0.0,0.0,0.0,1.129999995,0.0,0,0,112,900,2067
8792009665_4/28/2016,8792009665,2016-04-28,1,402,416,8792009665_4/28/2016,8792009665,2016-04-28,6157,3.940000057,3.940000057,0.0,0.0,0.0,3.940000057,0.0,0,0,310,714,2780
8792009665_4/29/2016,8792009665,2016-04-29,1,398,406,8792009665_4/29/2016,8792009665,2016-04-29,8360,5.349999905,5.349999905,0.0,0.140000001,0.280000001,4.929999828,0.0,6,14,380,634,3101
8792009665_4/30/2016,8792009665,2016-04-30,1,343,360,8792009665_4/30/2016,8792009665,2016-04-30,7174,4.590000153,4.590000153,0.0,0.330000013,0.360000014,3.910000086,0.0,10,20,301,749,2896
8792009665_5/1/2016,8792009665,2016-05-01,1,503,527,8792009665_5/1/2016,8792009665,2016-05-01,1619,1.039999962,1.039999962,0.0,0.0,0.0,1.039999962,0.0,0,0,79,834,1962
8792009665_5/2/2016,8792009665,2016-05-02,1,415,423,8792009665_5/2/2016,8792009665,2016-05-02,1831,1.169999957,1.169999957,0.0,0.0,0.0,1.169999957,0.0,0,0,101,916,2015
8792009665_5/3/2016,8792009665,2016-05-03,1,516,545,8792009665_5/3/2016,8792009665,2016-05-03,2421,1.549999952,1.549999952,0.0,0.0,0.0,1.549999952,0.0,0,0,156,739,2297
8792009665_5/4/2016,8792009665,2016-05-04,1,439,463,8792009665_5/4/2016,8792009665,2016-05-04,2283,1.460000038,1.460000038,0.0,0.0,0.0,1.460000038,0.0,0,0,129,848,2067